1,분노의 질주: 더 익스트림,3653238,136,15세 관람가,58.162,2017-04-12,6.9,빈 디젤, 드웨인 존슨, 샤를리즈 테론,마침내 평화로운 일상으로 돌아온 리더 도미닉(빈 디젤)과 멤버들. 하지만 레티(미셸 로드리게스)와 쿠바에서 신혼을 만끽 중인 도미닉(빈 디젤)에게 불청객이 찾아온다. 전설적인 해커이자 테러 조직의 리더 사이퍼(샤를리즈 테론)는 도미닉을 협박해 자신의 명령을 따르게 한다. 멤버들은 도미닉이 사이퍼와 함께  사상 최악의 테러를 계획하고 있음을 알게 된다.  리더의 배신으로 위기에 놓인 멤버들은 한때 팀을 모두 전멸시키려 했던 데카드 쇼(제이슨 스타뎀)까지 ,['https://movie-phinf.pstatic.net/20170314_17/1489464877358bXa3j_JPEG/movie_image.jpg?type=m203_290_2'],['https://movie-phinf.pstatic.net/20170314_17/1489464877358bXa3j_JPEG/movie_image.jpg'],1
2,스타워즈: 깨어난 포스,3273873,135,12세 관람가,33.681,2015-12-15,7.4,데이지 리들리, 존 보예가, 오스카 아이삭,"2번째 데스 스타가 파괴되고 다스 베이더가 사망한 지 약 30년 후,  마지막 남은 제다이인 루크 스카이워커가 사라졌다. 몰락한 은하 제국으로부터 일어난 퍼스트 오더는 루크와 공화국을 찾아내 제거하려 한다. 공화국과 루크의 쌍둥이 여동생 레이아 오르가나가 이끄는 저항군은 퍼스트 오더를 저지하고 루크의 도움을 받기 위해 루크를 찾는다. 저항군 최고의 파일럿 포 다메론은 자쿠 행성의 마을 장로를 만나 루크가 있는 장소의 지도를 얻는다. 카일로 렌이 이끄는 ",['https://movie-phinf.pstatic.net/20151217_88/1450316484956QfUaM_JPEG/movie_image.jpg?type=m203_290_2'],['https://movie-phinf.pstatic.net/20151217_88/1450316484956QfUaM_JPEG/movie_image.jpg'],2
3,글래스,466475,129,15세 관람가,152.111,2019-01-16,6.5,제임스 맥어보이, 브루스 윌리스, 사무엘 L. 잭슨,틈틈이 도시의 수호자로 활약하며 지내던 데이빗은 납치범 케빈의 존재를 알게 된다. 두 사람은 서로의 비범한 능력을 알아보지만 대결을 마무리 짓기도 전에 엘리 스테이플 박사(사라 폴슨)에 의해 정신병원에 수감된다. 병원에는 두 사람 외에 미스터 글래스도 입원해 있다. 엘리 박사는 이들을 자신이 슈퍼히어로라 믿는 과대망상 환자로 치부한다. 그 와중에 글래스는 자신만의 계획을 실행에 옮긴다. 불행한 히어로 데이빗과 상처 깊은 안티 히어로 케빈의 대결을 부추기,['https://movie-phinf.pstatic.net/20181227_126/1545900402100CiQHx_JPEG/movie_image.jpg?type=m203_290_2'],['https://movie-phinf.pstatic.net/20181227_126/1545900402100CiQHx_JPEG/movie_image.jpg'],3
4,23 아이덴티티,1676011,117,15세 관람가,38.456,2016-09-26,7.2,제임스 맥어보이, 안야 테일러 조이,,"23개의 인격을 가진 남자 케빈(제임스 맥어보이). 어릴 때 엄마에게 학대를 당한 그는 자신을 보호하기 위해 인격들의 리더인 배리, 미성숙한 9살 소년 헤드윅, 여성 패트리샤, 강박증이 있는 데니스 등 23개의 인격을 만들어냈다. 유일하게 자신을 이해하는 플레처 박사(베티 버클리)와 상담을 나누며 인격들을 컨트롤하던 그에게 어느 날 비스트라는 24번째 인격에 대한 믿음이 생겨난다. 비스트를 불러내고자 하는 인격들은 세명의 10대 소녀 케이시, 클레어, ",['https://movie-phinf.pstatic.net/20170207_225/1486428081012r6FQr_JPEG/movie_image.jpg?type=m203_290_2'],['https://movie-phinf.pstatic.net/20170207_225/1486428081012r6FQr_JPEG/movie_image.jpg'],3
5,링 2,183318,109,15세 관람가,31.017,2005-03-17,5.6,나오미 왓츠, 사이먼 베이커,,지워버리고 싶은 끔찍한 기억에서 벗어나기 위해  ‘레이첼’은 아들 ‘에이단’과 함께 작은 마을로 이사해 새로운 삶을 준비한다. 마을에서 일어난 사건 현장에서  그녀는 끝난 줄만 알았던 링의 저주가 다시 시작된 것을 직감하는데…  끔찍한 영혼의 저주는 잇따른 죽음을 부르고 숨막히는 공포는 아들 에이단을 향해 뻗쳐온다. 온몸을 조여오는 이 공포에서 벗어나려는 레이첼.  ‘원혼이 원하는 것은 무엇인가’라는 의문은 더욱 커져만 가고… 마침내 레이첼의 끈질긴 모,['https://movie-phinf.pstatic.net/20111222_281/1324505667581uIuxg_JPEG/movie_image.jpg?type=m203_290_2'],['https://movie-phinf.pstatic.net/20111222_281/1324505667581uIuxg_JPEG/movie_image.jpg'],4
6,12 솔져스,223740,130,15세 관람가,39.026,2018-01-16,5.6,크리스 헴스워스, 마이클 섀넌, 마이클 페나,"2001년 9월 11일, 뉴욕 세계무역센터 테러가 발생하자 정부는 테러 조직이 은둔해 있는 거점을 파괴할 계획을 세운다. 제5특전단 595 알파작전 분견대원들은 죽어도 세상에 죽었다고 알리지 못할 임무를 맡게 된다. 실전 경험은 부족하나 오랜 훈련 기간 동안 부대원들의 두터운 신망을 얻고 있었던 미치 대위(크리스 헴스워스)는 장군 앞에서 거의 떼를 쓰듯 자신과 부대원들을 보내 달라고 사정한다. 아군과 적군을 사실상 구분할 수 없는 상황에서 미치를 비롯한",['https://movie-phinf.pstatic.net/20180409_274/1523251123010pBDci_JPEG/movie_image.jpg?type=m203_290_2'],['https://movie-phinf.pstatic.net/20180409_274/1523251123010pBDci_JPEG/movie_image.jpg'],5
7,헬보이,323095,121,청소년 관람불가,202.512,2019-04-10,5.1,데이빗 하버, 밀라 요보비치,,"헬보이' 자신이 소속된 B.P.R.D의 임무로 영국의 한 비밀 단체의 괴수 사냥을 도우러 갔지만 되려 공격을 당하고, 곧 영국에서 어마어마한 일이 벌어지고 있다는 것을 알게 된다. 서기 566년, 아서왕에게 패하고 몸이 7조각으로 나뉘어 봉인된 '블러드 퀸'을 다시 부활시켜 인류를 파멸시키려는 초자연적 빌런들에 의해 영국은 물론 전 세계가 위험에 빠지게 된다. 헬보이는 이들에 맞서 인류를 위험으로부터 구해야만 하는데…",['https://movie-phinf.pstatic.net/20190404_205/155434484507891fje_JPEG/movie_image.jpg?type=m203_290_2'],['https://movie-phinf.pstatic.net/20190404_205/155434484507891fje_JPEG/movie_image.jpg'],6
8,엣지 오브 투모로우,4697209,113,12세 관람가,58.37,2014-05-27,7.6,톰 크루즈, 에밀리 블런트, 빌 팩스톤,"가까운 미래, 미믹이라 불리는 외계 종족의 침략으로 인류는 멸망 위기를 맞는다. 전투를 치른 경험이 한번도 없는 군 공보관 소속 빌 케이지(톰 크루즈) 소령은 전쟁터에 가서 군 홍보 영상을 찍어오라는 4성 장군의 명령을 거절한다. 그 죄로 자살 특공대에 투입된다. 하지만 불가능한 일이 일어난다. 그가 다시 그 끔찍한 날이 시작된 시간에 다시 깨어나 다시 전투에 참여하게 되고 다시 죽었다가 또 다시 살아나는 것. 다시 작전에 참여해 죽었다가 눈을 뜨기를 ",['https://movie-phinf.pstatic.net/20140616_233/1402884025598j42IR_JPEG/movie_image.jpg?type=m203_290_2'],['https://movie-phinf.pstatic.net/20140616_233/1402884025598j42IR_JPEG/movie_image.jpg'],7
9,위플래쉬,1589048,106,15세 관람가,34.075,2014-10-10,8.4,마일즈 텔러, J.K. 시몬스,,"최고의 드러머가 되기 위해서라면 무엇이든 할 각오가 되어있는 음악대학 신입생 앤드류는 아무도 없는 지하실에서 혼자 드럼을 연습하던 중 우연한 기회로 누구든지 성공으로 이끄는 최고의 실력자이지만, 또한 동시에 최악의 폭군인 플렛처 교수에게 발탁되어 그의 밴드에 들어가게 된다. 설레는 마음으로 참가한 첫 연습에서, 그는 플렛처 교수의 진짜 얼굴을 마주치게 된다. 폭언과 학대 속에 좌절과 성취를 동시에 안겨주는 플렛처의 지독한 교육방식은 천재가 되길 갈망하는",['https://movie-phinf.pstatic.net/20150226_168/1424932564346zCMPn_JPEG/movie_image.jpg?type=m203_290_2'],['https://movie-phinf.pstatic.net/20150226_168/1424932564346zCMPn_JPEG/movie_image.jpg'],8
10,샤잠!,657294,132,12세 관람가,226.232,2019-03-23,7.2,제커리 레비, 애셔 앤젤,,"솔로몬의 지혜, 헤라클레스의 힘, 아틀라스의 체력, 제우스의 권능, 아킬레스의 용기, 머큐리의 스피드까지 우연히 슈퍼 파워를 얻게 된 소년. 자신의 능력을 깨닫고 악당을 물리치는 슈퍼히어로로 다시 태어난다! 주문을 외쳐라, ‘샤잠’!",['https://movie-phinf.pstatic.net/20190322_198/1553220632606va06v_JPEG/movie_image.jpg?type=m203_290_2'],['https://movie-phinf.pstatic.net/20190322_198/1553220632606va06v_JPEG/movie_image.jpg'],9
11,데드풀 2,3784630,117,청소년 관람불가,50.107,2018-05-10,7.5,라이언 레이놀즈, 조슈 브롤린, 재지 비츠,"암 치료를 위한 비밀 실험에 참여한 후, 강력한 힐링팩터 능력을 지닌 슈퍼히어로 데드풀로 거듭난 웨이드 윌슨(라이언 레이놀즈)은 여자친구 바네사(모레나 바카린)와 더없이 행복한 시간을 보낸다. 그러나 행복도 잠시, 눈 앞에서 소중한 연인을 잃어버리고 삶의 의미를 상실하지만 자기 치유 능력 때문에 죽고 싶어도 죽지를 못한다. 밑바닥까지 내려간 데드풀은 더 나은 사람이 되기로 결심한다. 한편 미래에서 온 케이블(조시 브롤린)은 러셀을 집요하게 쫓는다. 데드",['https://movie-phinf.pstatic.net/20180510_219/1525934615322rulbv_JPEG/movie_image.jpg?type=m203_290_2'],['https://movie-phinf.pstatic.net/20180510_219/1525934615322rulbv_JPEG/movie_image.jpg'],10
12,신비한 동물들과 그린델왈드의 범죄,2414195,134,12세 관람가,64.294,2018-11-14,6.9,에디 레드메인, 조니 뎁, 캐서린 워터스턴,"마법 세계와 비마법 세계의 공존을 깨려고 했던 그린델왈드는 뉴트 스캐맨더(에디 레드메인)와 미국 마법부 의회에 의해 붙잡혔지만, 유럽으로 이송하는 과정에서 탈출하고 만다. 그린델왈드의 탈출 목적은 프랑스 파리에 머무는 것으로 추정되는 크레덴스(에즈라 밀러)를 포섭해 자신의 수하로 삼는 것. 영국으로 돌아왔던 뉴트는 덤블도어 교수(주드 로)로부터 자신은 나설 수 없으니 그린델왈드에 맞서달라는 지령을 받고 역시 파리로 향한다. 뉴트의 친구들, 제이콥(댄 포",['https://movie-phinf.pstatic.net/20181029_21/1540774701820gU85o_JPEG/movie_image.jpg?type=m203_290_2'],['https://movie-phinf.pstatic.net/20181029_21/1540774701820gU85o_JPEG/movie_image.jpg'],11
13,벤자민 버튼의 시간은 거꾸로 간다,1747305,166,12세 관람가,39.885,2008-12-25,7.5,브래드 피트, 케이트 블란쳇,,"1차 세계 대전 말 뉴올리언즈. 80세의 외모를 가진 아기 벤자민 버튼이 태어난다. 사랑하는 아내가 벤자민을 낳다 세상을 떠난 것에 대한 분노와 아이의 평범하지 않은 외모에 경악한 벤자민의 아버지는 분노를 참지 못하고 그를 놀란 하우스 양로원 현관 앞에 버린다. 놀란 하우스에서 일하는 퀴니에게 발견된 벤자민. 퀴니를 엄마로, 그곳의 할아버지, 할머니들을 친구로 살아가는 벤자민은 해가 갈수록 젊어지는 자신을 발견한다. 12살이 되어 60대 외형을 가지게 ",['https://movie-phinf.pstatic.net/20171019_97/1508402551314iLFSM_JPEG/movie_image.jpg?type=m203_290_2'],['https://movie-phinf.pstatic.net/20171019_97/1508402551314iLFSM_JPEG/movie_image.jpg'],12
14,헌터 킬러,56942,121,15세 관람가,32.693,2018-10-19,6.3,제라드 버틀러, 게리 올드만,,"미 국방부는 격추당한 잠수함의 행방을 찾기 위해 ‘헌터 킬러’를 극비리에 투입시키고 캡틴 ‘글래스’(제라드 버틀러)는 배후에 숨겨진 음모가 있음을 알게 된다. 한편, 지상에서는 VIP가 납치되어 전세계는 초긴장 상태에 놓이게 되는데…  일촉즉발 위기상황, VIP를 구출하라!  단 한 척의 공격 잠수함 ‘헌터 킬러’와 최정예 특수부대 네이비 씰의 숨막히는 육해공 합동 작전이 펼쳐진다!",['https://movie-phinf.pstatic.net/20181212_219/1544577062842KarfK_JPEG/movie_image.jpg?type=m203_290_2'],['https://movie-phinf.pstatic.net/20181212_219/1544577062842KarfK_JPEG/movie_image.jpg'],13
15,러빙 빈센트,435173,107,15세 관람가,42.489,2017-06-22,8.2,더글러스 부스, 시얼샤 로넌, 제롬 플린,"1890년 7월 27일. 한 남자가 황혼이 지는 프랑스의 작은 시골마을 오베르의 중심가에서 쓰러졌다. 수척한 남자는 총상으로 피가 흐르는 배를 움켜쥐고 있었다. 그는 당시에 잘 알려지지 않았으나 현재에는 세계적으로 유명한 예술가 빈센트 반 고흐였다. 고흐의 비극적인 죽음은 널리 알려져 있으나, 왜 그가 총상을 입었는지는 미스터리로 남아 있다. 살아생전 단 한 점의 그림만을 팔았던 화가 빈센트의 죽음 후 1년, 아르망은 그의 그림을 사랑했던 아버지의 부탁",['https://movie-phinf.pstatic.net/20181206_87/1544080398551iRbue_JPEG/movie_image.jpg?type=m203_290_2'],['https://movie-phinf.pstatic.net/20181206_87/1544080398551iRbue_JPEG/movie_image.jpg'],14
16,빅 히어로,2801949,108,전체 관람가,33.572,2014-10-24,7.8,다니엘 헤니, 라이언 포터, 스콧 애짓,천재 공학도 ‘테디’가 개발한 힐링로봇 ‘베이맥스’!  ‘테디’의 동생이자 로봇 전문가인 ‘히로’는 도시가 파괴될 위기에 처하자 ‘베이맥스’를 슈퍼히어로로 업그레이드 하는데… 과연 이들은 도시의 위험을 막아낼 수 있을까?,['https://movie-phinf.pstatic.net/20150121_287/1421805119454HRN3A_JPEG/movie_image.jpg?type=m203_290_2'],['https://movie-phinf.pstatic.net/20150121_287/1421805119454HRN3A_JPEG/movie_image.jpg'],15
17,블레이드 러너 2049,322664,163,15세 관람가,42.196,2017-10-04,7.4,라이언 고슬링, 해리슨 포드,,"인간과 리플리컨트가 혼재된 2049년. 인간의 통제를 벗어난 리플리컨트를 쫓는 블레이드 러너 K(라이언 고슬링)는 임무 수행 도중 약 30년 전 여자 리플리컨트의 유골을 발견하고 충격적으로 출산의 흔적까지 찾아낸다. 리플리컨트가 출산까지 가능하다는 사실이 알려지면사회에 큰 혼란이 야기되므로 이를 덮으려는 경찰 조직과, 그 비밀의 단서를 찾아내 더욱 완벽한 리플리컨트를 거느리고 세상을 장악하기 위해 K를 쫓는 니안더 월레스(자레드 레토). 리플리컨트의 숨",['https://movie-phinf.pstatic.net/20170925_246/1506307175130N35Jq_JPEG/movie_image.jpg?type=m203_290_2'],['https://movie-phinf.pstatic.net/20170925_246/1506307175130N35Jq_JPEG/movie_image.jpg'],16
18,드래곤 길들이기 3,1506942,104,전체 관람가,113.846,2019-01-03,7.6,제이 바루첼, 아메리카 페레라, 케이트 블란쳇,바이킹 족장으로 거듭난 히컵과 그의 영원한 친구 투슬리스가 누구도 찾지 못했던 드래곤의 파라다이스 히든월드를 찾아 떠나는 마지막 모험을 담은 스펙터클 액션 어드벤처,['https://movie-phinf.pstatic.net/20190131_168/1548898773611USlT7_JPEG/movie_image.jpg?type=m203_290_2'],['https://movie-phinf.pstatic.net/20190131_168/1548898773611USlT7_JPEG/movie_image.jpg'],17
19,스타워즈: 라스트 제다이,959578,152,12세 관람가,36.989,2017-12-13,7,데이지 리들리, 마크 해밀, 아담 드라이버,"악의 세력인 무자비한 퍼스트 오더가 은하계를 장악한 시대. 레아 장군(캐리 피셔)의 저항군은 힘겨운 싸움을 이어가고 있다. 그들의 유일한 희망은 마지막 제다이 루크 스카이워커(마크 해밀). 저항군은 승리의 불씨를 지필 마지막 희망을 찾아 레이를 과거의 영웅 루크에게 보낸다. 레이(데이지 리들리)는 우여곡절 끝에 루크를 찾아내지만, 자신의 잘못으로 레아의 아들 벤 솔로가 퍼스트 오더의 실세 카일로 렌이 되었다고 생각하는 루크는 함께 떠나자는 레이의 제안을",['https://movie-phinf.pstatic.net/20171201_227/1512104000730GwjUy_JPEG/movie_image.jpg?type=m203_290_2'],['https://movie-phinf.pstatic.net/20171201_227/1512104000730GwjUy_JPEG/movie_image.jpg'],18
20,블랙 팬서,5399327,135,12세 관람가,107.827,2018-02-13,7.4,채드윅 보스만,,,"유엔 폭탄 테러로 아버지를 잃은 와칸다의 왕자 티찰라는 시빌 워 이후 고국 와칸다로 돌아가 왕좌에 오른다. 와칸다의 새로운 지도자 블랙팬서가 된 그는 옛 연인이자 와칸다의 스파이 나키아, 호위 무사 오코예와 함께 최강 희귀 금속 비브라늄 폭탄 거래가 이뤄지는 부산을 찾는다. 폭탄 거래의 배후에 있는 인물은 와칸다와 묘종의 연이 있는 정체불명의 남자, 에릭 킬몽거. 그는 놀라운 위력으로 티찰라를 제압하고 와칸다의 새로운 왕이 되려 하고, 이에 블랙 팬서는",['https://movie-phinf.pstatic.net/20180103_128/1514946690065uYxwW_JPEG/movie_image.jpg?type=m203_290_2'],['https://movie-phinf.pstatic.net/20180103_128/1514946690065uYxwW_JPEG/movie_image.jpg'],19
21,개구쟁이 스머프 2,921788,104,전체 관람가,35.13,2013-07-30,5.7,크리스티나 리치, 닐 패트릭 해리스, 알란 커밍,스머프들이 돌아온다! 이번엔 프랑스 파리로~! 위험에 빠진 스머페트를 구하라!  프랑스 파리의 스타 마법사가 된 ‘가가멜’. 하지만 마법 약발이 떨어지기 시작하자 그가 만들어낸 말썽쟁이 스머프 ‘벡시’ &amp; ‘해커스’와 함께 유일하게 “마법의 스머프 묘약”을 만들어 낼 줄 아는 ‘스머페트’를 납치한다!! ‘가가멜’에게 납치당한 ‘스머페트’를 구하기 위해 다시 한번 인간세상으로 여행을 떠나는 ‘파파 스머프’와 스머프들. 난생처음 와보는 낭만의 도시 ,['https://movie-phinf.pstatic.net/20130719_139/1374202054682nEhkt_JPEG/movie_image.jpg?type=m203_290_2'],['https://movie-phinf.pstatic.net/20130719_139/1374202054682nEhkt_JPEG/movie_image.jpg'],20
22,알리타: 배틀 엔젤,1951889,122,12세 관람가,71.287,2019-01-31,6.6,로사 살라자르, 크리스토프 왈츠, 키언 존슨,모두가 갈망하는 공중도시와 그들을 위해 존재하는 고철도시로 나누어진 26세기. 고철 더미 속 모든 기억을 잃은 채 깨어난 알리타는 마음 따뜻한 의사 이도의 보살핌으로 새로운 삶을 시작한다. 이도는 사이보그인 알리타에게 특별한 과거의 비밀과 영혼이 존재한다는 사실을 깨닫고 미스터리한 과거로부터 그녀를 지키고자 한다. 한편 새로운 친구 휴고는 알리타가 위험한 고철도시를 헤쳐나갈 수 있는 방법과 함께 기억을 되찾도록 돕는다. 알리타가 자신의 과거에 다가 갈수,['https://movie-phinf.pstatic.net/20190128_22/1548638810964Go9Wy_JPEG/movie_image.jpg?type=m203_290_2'],['https://movie-phinf.pstatic.net/20190128_22/1548638810964Go9Wy_JPEG/movie_image.jpg'],21
23,한 솔로: 스타워즈 스토리,213987,135,12세 관람가,36.927,2018-05-15,6.6,엘든 이렌리치, 에밀리아 클라크, 우디 해럴슨,"코렐리아 행성에서 노예처럼 일하던 빈민가의 청년 한(앨든 이렌리치)은 사랑하는 키라(에밀리아 클라크)와 함께 행성을 탈출할 기회를 노리고 있다. 우주 최고의 파일럿이 되기를 꿈꾸지만 현실은 못된 악당에게 붙들려 밀수꾼 노릇을 하는 중. 우여곡절 끝에 행성을 탈출하지만 키라와 생이별을 하게 된 한은 우주를 떠돌다가 츄바카(요나스 수오타모), 랜도(도널드 글러버), 베킷(우디 해럴슨) 등을 만나 엄청난 가치를 지닌 우주 자원 탈취 작전을 공모하게 된다. 파",['https://movie-phinf.pstatic.net/20180502_152/1525236795343DwkFq_JPEG/movie_image.jpg?type=m203_290_2'],['https://movie-phinf.pstatic.net/20180502_152/1525236795343DwkFq_JPEG/movie_image.jpg'],22
24,명탐정 피카츄,353171,104,전체 관람가,207.515,2019-05-03,7.2,라이언 레이놀즈, 저스티스 스미스,,"기억을 잃은 채 깨어난 피카츄, 난 누구? 여긴 어디? 유일한 단서는 탐정모자에 적힌 해리란 이름과 주소. 주소 속 아파트에서 자신의 말을 유일하게 알아 듣는, 실종된 해리의 아들 팀 굿맨을 만나게 된다. 명탐정의 촉으로 이건 그야말로 대.박.사.건! 사라진 아빠를 찾기 위해 피카츄와 떠나는 기상천외한 모험이 시작된다. 피카피카!",['https://movie-phinf.pstatic.net/20190424_53/1556091565705XDpwg_JPEG/movie_image.jpg?type=m203_290_2'],['https://movie-phinf.pstatic.net/20190424_53/1556091565705XDpwg_JPEG/movie_image.jpg'],23
25,메리 포핀스 리턴즈,224160,130,전체 관람가,52.543,2018-12-13,6.6,에밀리 블런트, 린-마누엘 미란다, 벤 위쇼,"체리트리 가 17번지에 살고 있는 마이클과 세 아이들은 아내와 엄마를 잃고, 집까지 빼앗길 위기에 처해 슬픔에 잠긴다. 어느 날, 바람의 방향이 바뀌고 마이클의 가족에게 다시 돌아온 ‘메리 포핀스’는 사랑스러운 마법으로 가득 찬 황홀한 경험을 선사하는데…",['https://movie-phinf.pstatic.net/20190114_278/1547430628262QsUaV_JPEG/movie_image.jpg?type=m203_290_2'],['https://movie-phinf.pstatic.net/20190114_278/1547430628262QsUaV_JPEG/movie_image.jpg'],24
26,베놈,3887975,107,15세 관람가,52.645,2018-09-28,6.6,톰 하디, 미셸 윌리엄스,,진실을 위해서라면 몸을 사리지 않고 사회의 부조리를 취재하는 정의로운 열혈 기자 에디 브록(톰 하디). 거대 기업 라이프 파운데이션의 생체실험에 의혹을 품고 뒤를 쫓던 그는 이들의 사무실에 잠입했다가 실험실에서 외계 생물체 심비오트의 기습 공격을 받게 된다. 심비오트가 숙주의 몸과 정신을 지배할 때 능력을 발휘하는 베놈은 에디의 몸에 기생하며 갖가지 소동을 일으킨다. 한편 비밀리에 인간과 심비오트를 결합해 새로운 생명체를 만들려는 시도를 계속하던 라이프,['https://movie-phinf.pstatic.net/20180921_296/1537498027382AK7eg_JPEG/movie_image.jpg?type=m203_290_2'],['https://movie-phinf.pstatic.net/20180921_296/1537498027382AK7eg_JPEG/movie_image.jpg'],25
27,인크레더블 헐크,991417,113,15세 관람가,37.309,2008-06-12,6.2,에드워드 노튼, 리브 타일러, 팀 로스,"실험 중 감마선에 노출된 이후 분노를 통제할 수 없는 상태가 되면 괴력을 지닌 녹색 괴물 헐크로 변하게 되는 브루스 배너(에드워드 노튼). 필사적으로 치료제 개발에 매달리지만, 그의 능력을 이용하려는 정부와 군대의 끈질긴 추격을 받고 쫓기게 된다. 한편 헐크의 거대한 힘의 비밀을 파헤치던 이들은 헐크보다 더 파괴적인 어보미네이션을 만드는데 성공, 도시 전체를 집어삼키려 한다. 이에 브루스 배너는 정상적인 인생을 되찾으려던 계획을 버리고, 어보미네이션과 ",['https://movie-phinf.pstatic.net/20111222_21/1324529563793t6TEo_JPEG/movie_image.jpg?type=m203_290_2'],['https://movie-phinf.pstatic.net/20111222_21/1324529563793t6TEo_JPEG/movie_image.jpg'],26
28,엑소더스: 신들과 왕들,1511845,154,12세 관람가,33.361,2014-12-03,5.7,크리스찬 베일, 조엘 에저튼,,"인간이 신처럼 군림하던 시대, 이집트 왕국에서 형제와도 같이 가깝게 자란 모세스와 람세스. 전차에서 낙마한 람세스를 모세가 목숨을 걸고 구해날 정도로 둘의 우애는 깊었지만, 생지옥 같은 노예들의 삶을 목격하고 이에 분노하게 된 모세스는 스스로를 태양신 라의 화신이라 믿는 제국의 왕 람세스와 정면으로 맞서게 된다. 이집트의 동쪽으로 추방당하며 겪은 여정에서 신비한 소년을 만나게 되는 모세스. 결국 자신이 400년간 억압받던 노예들을 이끌 운명임을 깨닫게 ",['https://movie-phinf.pstatic.net/20141124_271/1416813801565qDzKQ_JPEG/movie_image.jpg?type=m203_290_2'],['https://movie-phinf.pstatic.net/20141124_271/1416813801565qDzKQ_JPEG/movie_image.jpg'],27
29,레고 무비2,88392,107,전체 관람가,65.192,2019-01-26,6.6,크리스 프랫, 엘리자베스 뱅크스, 윌 아넷,"시스타 행성의 지멋대로 여왕의 지시로 듀플로 외계인들이 레고 마을을 침공한다. 어마무시 장군이 친구들을 납치하자 에밋은 우주로의 여행을 떠나는데… 에밋과 친구들의 대모험, 이번엔 우주다! 준비됐나요?",['https://movie-phinf.pstatic.net/20190201_289/1548989381126kvXTK_JPEG/movie_image.jpg?type=m203_290_2'],['https://movie-phinf.pstatic.net/20190201_289/1548989381126kvXTK_JPEG/movie_image.jpg'],28
30,직쏘,112237,92,청소년 관람불가,41.561,2017-10-26,6.1,토빈 벨,,,도심 한복판에서 사람들이 한 명씩 살해 된 채 곳곳에서 발견된다. 모든 수사 결과와 증거는 이미 사망한 존 크레이머 일명 직쏘를 범인으로 지목하는데…,['https://movie-phinf.pstatic.net/20171012_72/15077704479368f71F_JPEG/movie_image.jpg?type=m203_290_2'],['https://movie-phinf.pstatic.net/20171012_72/15077704479368f71F_JPEG/movie_image.jpg'],29
31,요로나의 저주,200727,93,15세 관람가,70.137,2019-04-17,5.5,린다 카델리니,,,"1973년, 애나는 남편 없이 두 아이와 살고 있다. 사회복지사인 애나가 담당하던 한 여인의 아이들이 불의의 사고로 목숨을 잃자, 그녀는 이것이 ‘요로나’의 짓이라면서 애나에게도 똑같은 저주가 내릴 것이라 예언한다. 어느 날부터인가 울음소리를 들려오고 의문의 존재가 아이들을 위협하는데...",['https://movie-phinf.pstatic.net/20190403_179/1554273944526iPln5_JPEG/movie_image.jpg?type=m203_290_2'],['https://movie-phinf.pstatic.net/20190403_179/1554273944526iPln5_JPEG/movie_image.jpg'],30
32,원초적 본능 2,313310,113,청소년 관람불가,32.44,2006-03-29,4.7,샤론 스톤, 데이비드 모리시,,"존경 받는 런던의 정신과 의사, 마이클 글리스박사(데이비드모리시분). 그의 앞에 약혼자를 살인한 용의자로 의심 받는 매혹적인 여자 캐서린트라멜(샤론스톤분)이 나타난다. 그는 그녀의 뇌쇄적인 매력 뒤에 치명적인 위험이 도사리고 있음을 직감하지만, 이미 몸과 마음이 격정적으로 끌리게 된다. 그러나 그녀에게 빠져들수록, 주변 사람들이 하나씩 살해되기 시작하고. 궁지에 몰린 그는 캐서린 트라멜과 원초적 본능을 둘러싼 치명적인 두뇌 싸움을 시작한다.",['https://movie-phinf.pstatic.net/20150706_222/1436145175802bxXxF_JPEG/movie_image.jpg?type=m203_290_2'],['https://movie-phinf.pstatic.net/20150706_222/1436145175802bxXxF_JPEG/movie_image.jpg'],31
33,숀더쉽,91856,85,전체 관람가,43.529,2015-02-05,6.9,저스틴 플레쳐, 존 스파크스, 오미드 다릴리,"평화롭게 목장 생활을 즐기던 ‘숀’과 친구들에게 대.박.사.건이 터졌다? 집 나간 아빠를 찾기 위해 빅시티행 버스에 탑승해버린 녀석들!  달랑 아빠 사진 한 장 들고 위험천만한 빅시티에 도착! 마치 사.람.인.양 도시를 활보하는 무모한 양떼들의 특급 미션이 시작되는데...  계획 NO! 대책 NO! 가이드 NO! 시작은 창피(?)하였으나 그 끝은 창대(!)한 양떼들의 예측불가 시티어택이 펼쳐진다!  올 여름, 통제불능 양떼들이 몰려온다!",['https://movie-phinf.pstatic.net/20150720_33/1437370190567uh5YT_JPEG/movie_image.jpg?type=m203_290_2'],['https://movie-phinf.pstatic.net/20150720_33/1437370190567uh5YT_JPEG/movie_image.jpg'],32
34,테일 오브 테일즈,30291,133,청소년 관람불가,35.563,2015-05-14,6.2,셀마 헤이엑, 뱅상 카셀, 스테이시 마틴,욕망에 휩싸인 세 여인이 있다. 영화의 시작을 여는 건 아기를 갖기 위해 영혼이라도 팔겠다는 왕비(샐마 헤이엑) 이야기다. 왕비는 풍문에 따라 처녀가 요리한 바다괴물의 심장을 먹고 아들을 얻는다. 아이는 같은 날 태어난 처녀의 아이에게 집착에 관심을 보이며 성장한다. 두 번째는 왕의 사랑을 얻기 위해 젊음을 탐하는 노파와 그 동생의 이야기다. 도라는 우연한 계기로 젊음을 얻는다. 이를 시기한 동생 이마는 도라의 말만 믿고 피부를 깎아내 젊음을 되찾으려 ,['https://movie-phinf.pstatic.net/20161018_167/14767768998154eRau_JPEG/movie_image.jpg?type=m203_290_2'],['https://movie-phinf.pstatic.net/20161018_167/14767768998154eRau_JPEG/movie_image.jpg'],33
35,위아 유어 프렌즈,37853,96,청소년 관람불가,33.877,2015-08-26,6.3,잭 에프론, 에밀리 라타이코프스키,,"오늘 밤, 심장의 BPM이 날뛴다!  최고의 DJ를 꿈꾸며 자신만의 방식대로 클럽 공연을 하고 있는 '콜'은 어느 날, 잘나가는 DJ '제임스'와 그의 여자친구 '소피'를 만나게 된다.  ‘콜’의 재능을 눈여겨본 '제임스'의 아낌없는 지원 덕분에 그의 인생은 180도 화끈한 반전을 맞이하게 되지만, 함께하는 시간이 길어질수록 ‘소피’에게 향하는 자신의 마음을 감출 수 없어 괴로워한다. 설상가상 절친들과도 점차 멀어지게 되면서 ‘콜’은 선택의 기로에 놓이",['https://movie-phinf.pstatic.net/20151021_214/1445391617206aaz53_JPEG/movie_image.jpg?type=m203_290_2'],['https://movie-phinf.pstatic.net/20151021_214/1445391617206aaz53_JPEG/movie_image.jpg'],34
36,무한대를 본 남자,33315,108,12세 관람가,32.869,2016-04-08,7.2,데브 파텔, 제레미 아이언스,,머릿속에 그려지는 수많은 공식들을 세상 밖으로 펼치고 싶었던 인도 빈민가의 수학 천재 ‘라마누잔’.  그의 천재성을 알아본 영국 왕립학회의 괴짜 수학자 ‘하디 교수’는  엄격한 학교의 반대를 무릅쓰고 케임브리지 대학으로 ‘라마누잔’을 불러들인다.  성격도 가치관도 신앙심도 다르지만 수학에 대한 뜨거운 열정으로 함께한 두 사람은  모두가 불가능이라 여긴 위대한 공식을 세상에 증명하기 위해 무한대로의 여정을 떠나는데…  역사상 가장 지적인 브로맨스가 시작된,['https://movie-phinf.pstatic.net/20161013_118/1476326424121HMKwP_JPEG/movie_image.jpg?type=m203_290_2'],['https://movie-phinf.pstatic.net/20161013_118/1476326424121HMKwP_JPEG/movie_image.jpg'],35
37,어드리프트:우리가 함께한 바다,59009,97,12세 관람가,41.006,2018-05-31,6.7,쉐일린 우들리, 샘 클라플린,,"환상적인 섬 타히티에서 운명처럼 사랑에 빠진 바다를 닮은 자유로운 여자 ‘태미’와 바다를 사랑하는 섬세한 남자 ‘리처드’는 함께 요트를 타고 6,500km의 긴 항해를 시작한다. 바다 위에서 인생 최고의 행복한 시간을 만끽하던 연인은 남태평양 한가운데에서 예상치 못한 사상 최악의 허리케인을 만나게 되는데…",['https://movie-phinf.pstatic.net/20180903_82/1535950798822Wn1rG_JPEG/movie_image.jpg?type=m203_290_2'],['https://movie-phinf.pstatic.net/20180903_82/1535950798822Wn1rG_JPEG/movie_image.jpg'],36
38,스파이더맨: 뉴 유니버스,723450,117,12세 관람가,76.067,2018-12-07,8.4,샤메익 무어, 헤일리 스테인펠드, 니콜라스 케이지,"평범한 10대 마일스 모랄레스는 우연히 방사능 거미에 물려 스파이더맨 능력을 가지게 된다. 혼란스러워하던 마일스는 악당과 싸우고 있는 피터 파커를 마주치게 되고 피터 파커는 마일스가 자신과 같은 능력을 가지고 있음을 직감한다. 여러 개의 평행세계가 존재한다는 것을 알게 된 마일스와 피터 파커는 이후 스파이더우먼 스파이더 그웬, 스파이더맨 누아르, 스파이더햄 등 평행세계 속 공존하는 모든 스파이더맨들을 만나게 되는데... 하나의 유니버스에서 만나 팀을 결",['https://movie-phinf.pstatic.net/20181207_3/1544172927548CbuaX_JPEG/movie_image.jpg?type=m203_290_2'],['https://movie-phinf.pstatic.net/20181207_3/1544172927548CbuaX_JPEG/movie_image.jpg'],37
39,엑스맨: 아포칼립스,2938771,143,12세 관람가,31.17,2016-05-18,6.5,제임스 맥어보이, 마이클 패스벤더, 제니퍼 로렌스,"고대 이집트에서 신으로 숭배받았던 최초의 돌연변이 아포칼립스(오스카 아이삭)가 오랜 잠에서 깨어난다. 초능력을 흡수해가며 수천년을 살아온 아포칼립스는 스톰(알렉산드라 십), 사일록(올리비아 문), 아크엔젤(벤 하디) 그리고 매그니토에게 자신의 힘을 나누어준 뒤, 그들과 함께 현재의 세상을 뒤엎고 새로운 세상을 건설하려 한다. 찰스 자비에(제임스 맥어보이)와 미스틱은 아포칼립스의 지구 종말 계획을 알아채고, 진 그레이(소피 터너), 사이클롭스(타이 셰리던",['https://movie-phinf.pstatic.net/20160511_36/1462931993740VWM8O_JPEG/movie_image.jpg?type=m203_290_2'],['https://movie-phinf.pstatic.net/20160511_36/1462931993740VWM8O_JPEG/movie_image.jpg'],38
40,엑스맨: 데이즈 오브 퓨처 패스트,4313446,134,12세 관람가,36.931,2014-05-15,7.5,휴 잭맨, 제임스 맥어보이, 마이클 패스벤더,"돌연변이들을 멸종시키기 위해 제작된 로봇 센티넬이 인간들까지 모조리 말살하는 2023년. 인류의 종말이 코앞에 닥친 상황에서 프로페서X(패트릭 스튜어트)와 매그니토(이안 매켈런)는 과거를 통해 미래의 운명을 바꾸고자 한다. 울버린(휴 잭맨)은 트라스크(피터 딘클리지)가 센티넬을 개발하는 것을 막기 위해 1973년으로 보내진다. 1973년의 찰스(제임스 맥어보이)는 절망에 빠진 채 행크 맥코이(니콜라스 홀트)와 함께 은둔 생활을 하고 있고, 에릭(마이클 ",['https://movie-phinf.pstatic.net/20140512_91/1399869364386U71qR_JPEG/movie_image.jpg?type=m203_290_2'],['https://movie-phinf.pstatic.net/20140512_91/1399869364386U71qR_JPEG/movie_image.jpg'],38
41,보헤미안 랩소디,9948386,134,12세 관람가,50.255,2018-10-24,8.1,라미 말렉, 루시 보인턴, 귈림 리,공항 수하물 노동자로 일하며 음악의 꿈을 키우던 이민자 출신의 아웃사이더 파록 버사라. 보컬을 구하던 로컬 밴드에 들어가게 되면서 프레디 머큐리라는 이름으로 밴드 퀸을 이끌게 된다. 시대를 앞서가는 독창적인 음악과 화려한 퍼포먼스로 관중들을 사로잡으며 성장하던 퀸은 방송에서 외면을 받을 것이라는 음반사의 반대에도 불구하고 무려 6분 동안 이어지는 실험적인 곡 보헤미안 랩소디로 대성공을 거두며 월드스타 반열에 오른다. 그러나 독보적인 존재감을 뿜어내던 프,['https://movie-phinf.pstatic.net/20181213_264/1544692854634ss65r_JPEG/movie_image.jpg?type=m203_290_2'],['https://movie-phinf.pstatic.net/20181213_264/1544692854634ss65r_JPEG/movie_image.jpg'],38
42,카3: 새로운 도전,487916,109,전체 관람가,94.664,2006-06-08,6.7,오웬 윌슨, 크리스텔라 알론조, 아미 해머,"화려한 성공과 갈채를 꿈꾸는 주인공 라이트닝 맥퀸(오웬 윌슨)은 경주에서 성공하는 것만이 인생의 모든 것이라 생각하는 타오르는 청춘. 하지만 피스톤 컵 챔피온쉽에 참가하기 위해 달리던 중 경쟁과 함성과는 동떨어진 래디에이터 스프링스란 한적한 시골로 들어서게 된다. 이제는 지도에 조차 표시되지 않는 한적한 66번 국도. 조용하지만 다양한 캐릭터들이 큰 열정을 간직하고 있는 이곳에서 맥퀸은 미스터리한 과거를 지닌 닥 허드슨(폴 뉴먼)과 샐리(보니 헌트), ",['https://movie-phinf.pstatic.net/20170619_261/1497861481864m54Xo_JPEG/movie_image.jpg?type=m203_290_2'],['https://movie-phinf.pstatic.net/20170619_261/1497861481864m54Xo_JPEG/movie_image.jpg'],39
43,레전드,180091,132,청소년 관람불가,35.315,1985-07-19,6.2,톰 하디, 태런 에저튼, 에밀리 브라우닝,"빛의 시대가 오자 지하세계로 숨어든 어둠의 대왕은 세상을 다시 손아귀에 넣기 위해 순수와 빛의 세계를 지키는 유니콘 한쌍을 죽이려고 한다. 그 유니콘의 존재를 알고 있는 잭은 지상에서 가장 순수한 영혼을 지닌 숲속의 소년. 잭은 사랑하는 릴리 공주가 유니콘을 보고 싶다고 하자 위험을 깨닫지 못하고 유니콘을 보여준다. 릴리가 유니콘에 접근하는 순간, 그녀를 뒤쫓던 악귀들이 독화살로 수컷 유니콘을 쓰러뜨리고 외뿔을 잘라 손에 넣는다. 그러자 온기를 잃은 세",['https://movie-phinf.pstatic.net/20151116_40/1447637623569iyoEt_JPEG/movie_image.jpg?type=m203_290_2'],['https://movie-phinf.pstatic.net/20151116_40/1447637623569iyoEt_JPEG/movie_image.jpg'],40
44,인크레더블 2,3033105,125,전체 관람가,39.73,2018-06-14,7.6,크레이그 T. 넬슨, 사무엘 L. 잭슨, 홀리 헌터,"세상은 바뀌었고, 우리는 여기에 적응해야 한다고 가족을 설득했던 일라스티걸(홀리 헌터)은 글로벌 통신회사의 재벌 윈스턴 데버(밥 오덴커크)와 에블린 데버(캐서린 키너) 남매의 제안을 받으면서 히어로 홍보 프로젝트의 모델이 된다. 일라스티걸이 위기에 빠진 사람들을 구해내며 히어로 이미지 개선에 힘쓰는 사이, 인크레더블(크레이그 T. 넬슨)은 어린 잭잭을 보살피며 육아가 일보다 힘들다는 것을 몸으로 학습한다. 또한 그는 첫째 딸 바이올렛(사라 보웰)의 첫사",['https://movie-phinf.pstatic.net/20180711_9/1531285562987n5VUG_JPEG/movie_image.jpg?type=m203_290_2'],['https://movie-phinf.pstatic.net/20180711_9/1531285562987n5VUG_JPEG/movie_image.jpg'],41
45,샌 안드레아스,1716455,114,12세 관람가,53.175,2015-05-27,6.1,드웨인 존슨, 알렉산드라 다드다리오, 칼라 구기노,"샌 안드레아스 단층이 마침내 끊어져 규모 9의 강진이 발생하자 구조헬기 조종사 드웨인 존슨은 사이가 멀어진 아내와 함께 외동딸을 구하기 위해 최악의 상황 속으로 뛰어든다. 세상이 무너지는 마지막 순간, 당신은 어디에서 누구와 함께 할 것인가!",['https://movie-phinf.pstatic.net/20150527_122/1432714285522y3gaV_JPEG/movie_image.jpg?type=m203_290_2'],['https://movie-phinf.pstatic.net/20150527_122/1432714285522y3gaV_JPEG/movie_image.jpg'],42
46,스타 이즈 본,491857,135,15세 관람가,40.534,2018-10-03,7.5,브래들리 쿠퍼, 레이디 가가,,"노래에 놀라운 재능을 가졌지만 외모에는 자신이 없는 무명가수 앨리(레이디 가가)는 공연을 하던 바에서 우연히 술을 마시러 온 톱스타 잭슨 메인(브래들리 쿠퍼)을 만나게 된다. 앨리의 매력에 빠지게 된 잭슨은 앨리에게 자신의 삶에 대해 말해주고, 앨리는 그런 잭슨에게 즉석에서 노래를 만들어준다. 다음 날 잭슨은 자신의 공연에 앨리를 불러 관중 앞에서 노래를 부를 기회를 주고, 순식간에 앨리는 유명해진다. 잭슨의 도움으로 앨리는 자기 안의 열정을 폭발시키며",['https://movie-phinf.pstatic.net/20180912_118/1536714294340kLm2Y_JPEG/movie_image.jpg?type=m203_290_2'],['https://movie-phinf.pstatic.net/20180912_118/1536714294340kLm2Y_JPEG/movie_image.jpg'],43
47,시크릿 인 데어 아이즈,21692,111,15세 관람가,32.798,2015-10-14,6.3,치웨텔 에지오포, 니콜 키드먼, 줄리아 로버츠,LA 지방검사실에 파견된 FBI 수사관 레이는 파트너 제스의 10대 딸이 잔인하게 살해되자 연방 검사와 팀을 이뤄 살인범을 잡으려고 합니다. 하지만 살인범이 진행중인 테러 수사와 관련하여 보호를 받는다는 사실을 알며 수사는 암초에 부딪치는데...,['https://movie-phinf.pstatic.net/20160414_273/1460622705720TgDy8_JPEG/movie_image.jpg?type=m203_290_2'],['https://movie-phinf.pstatic.net/20160414_273/1460622705720TgDy8_JPEG/movie_image.jpg'],44
48,서프러제트,28411,106,12세 관람가,31.48,2015-10-16,7.3,캐리 멀리건, 메릴 스트립, 로몰라 가레이,"1912년 영국에서는 여성들에게 투표권을 보장하라고 외치는 여성 참정권 운동가들의 목소리가 거세지고 있었다. 그들의 구심점인 여성사회정치동맹(WSPU)은 런던에 위치해 있었다. 세탁공장 노동자인 모드 와츠(캐리 멀리건)는 한 남자의 아내, 한 아이의 엄마로서의 자신의 삶을 의심해본 적 없는 하루하루를 살아간다. 여성 투표권을 주장하며 거리에서 투쟁하는 서프러제트 무리를 목격한 그날도 그들이 바꿀 수 있는 것은 아무 것도 없을 거라 생각했던 그녀. 하지만",['https://movie-phinf.pstatic.net/20160512_209/1463030589645TeG0X_JPEG/movie_image.jpg?type=m203_290_2'],['https://movie-phinf.pstatic.net/20160512_209/1463030589645TeG0X_JPEG/movie_image.jpg'],45
49,007 스펙터,1820839,148,15세 관람가,31.393,2015-10-26,6.4,다니엘 크레이그, 레아 세이두, 크리스토프 왈츠,스카이폴 사건 이후 MI6는 영국 정부에 의해 해체 위기에 놓인다.  자신의 과거와 관련된 암호를 추적하던 제임스 본드는  최악의 조직 ‘스펙터’와 자신이 관련되어 있다는 사실을 알게 되고 혼란스러워 하는데…,['https://movie-phinf.pstatic.net/20151027_224/1445919415717ixSfa_JPEG/movie_image.jpg?type=m203_290_2'],['https://movie-phinf.pstatic.net/20151027_224/1445919415717ixSfa_JPEG/movie_image.jpg'],46
50,작은 영웅 데스페로,436167,93,전체 관람가,34.818,2008-12-19,5.8,엠마 왓슨, 매튜 브로데릭, 시고니 위버,"남들에겐 바늘, 내겐 검! 남들에겐 고양이, 내겐 귀여운 '복실이'!  세상을 깜짝 놀라게 할 겁없는 녀석이 온다!  두려움이 미덕인 생쥐 세계에서 쥐덫을 놀이기구로 삼고, 미술 시간에 고양이 그림을 그리는 등 용감무쌍 행동으로 마을을 놀래키는, 엉뚱하지만 사랑스러운 데스페로.  항상 새로운 세상에 대한 호기심으로 가득 차 있던 데스페로는 어느 날 인간 세상으로 여행을 떠나게 되고, 빛과 활기를 잃은 도르 왕국에서 우연히 아름다운 피(Pea)공주를 만나",['https://movie-phinf.pstatic.net/20111222_47/1324535819271gFQ0M_JPEG/movie_image.jpg?type=m203_290_2'],['https://movie-phinf.pstatic.net/20111222_47/1324535819271gFQ0M_JPEG/movie_image.jpg'],47
51,엔들리스 러브,22091,104,15세 관람가,32.826,2014-02-12,6.8,알렉스 페티퍼, 가브리엘라 와일드, 라이스 웨이크필드,"졸업식 날 운명적으로 마주한 제이드(가브리엘라 와일드)와 데이빗(알렉스 페티퍼)은 서로를 향한 강한 끌림을 느낀다. 제이드는 데이빗을 통해 그 동안 느껴보지 못한 자유로움과 가슴 뛰는 사랑에 거침없이 빠져들고, 데이빗은 순수한 제이드에게 매료되어 그녀에게 진정한 사랑이 무엇인지 알게 해 준다.  한편, 제이드의 아버지는 모든 것을 내던지고 빠져드는 이들의 사랑을 경계하고,  데이빗과 함께하는 바로 이 순간의 사랑을 놓고 싶지 않은 제이드는 중대한 결심을",['https://movie-phinf.pstatic.net/20140219_198/1392796237843UBo8s_JPEG/movie_image.jpg?type=m203_290_2'],['https://movie-phinf.pstatic.net/20140219_198/1392796237843UBo8s_JPEG/movie_image.jpg'],48
52,더 프레데터,170878,108,청소년 관람불가,33.959,2018-09-05,5.2,보이드 홀브룩, 올리비아 문, 트래반트 로즈,다른 종의 DNA를 이용해 더욱 영리하고 치명적으로 진화한 외계 빌런 ‘프레데터’. 더욱 무자비해진 그의 등장으로 지구는 위협에 휩싸이게 된다. 특수 부대원 출신 ‘퀸’(보이드 홀브룩)은 비밀 정부 미션에 참여 중인 진화생물학자 ‘케이시’(올리비아 문)를 만나게 되고 범죄 전력이 있는 전직 군인들과 함께 ‘프레데터’에 맞서 생존을 위한 사투를 벌이게 되는데…,['https://movie-phinf.pstatic.net/20180831_150/1535703792387FDnCB_JPEG/movie_image.jpg?type=m203_290_2'],['https://movie-phinf.pstatic.net/20180831_150/1535703792387FDnCB_JPEG/movie_image.jpg'],49
53,아이언맨 3,9001679,129,12세 관람가,36.228,2013-04-18,6.9,로버트 다우니 주니어, 기네스 팰트로, 벤 킹슬리,"어벤저스의 일원으로 활약한 뉴욕 사건 이후, 트라우마로 인해 영웅으로서의 삶에 회의를 느끼는 토니 스타크(로버트 다우니 주니어). 그가 혼란을 겪는 사이 최악의 테러리스트 만다린(벤 킹슬리)을 내세운 익스트리미스 집단 AIM이 스타크 저택에 공격을 퍼붓는다. 이 공격으로 그에게 남은 건 망가진 수트 한 벌 뿐. 모든 것을 잃어버린 그는 다시 테러의 위험으로부터 세계와 사랑하는 여인(기네스 팰트로)을 지켜내야 하는 동시에 머릿속을 떠나지 않던 한가지 물음",['https://movie-phinf.pstatic.net/20130311_165/13629835475487aDfz_JPEG/movie_image.jpg?type=m203_290_2'],['https://movie-phinf.pstatic.net/20130311_165/13629835475487aDfz_JPEG/movie_image.jpg'],49
54,닥터 스트레인지,5447269,115,12세 관람가,49.671,2016-10-25,7.3,베네딕트 컴버배치, 레이첼 맥아담스, 틸다 스윈튼,"오만함과 실력 모두 최고인 신경외과 의사 닥터 스티븐 스트레인지(베네딕트 컴버배치)는 운전 중에 핸드폰을 한 대가로 두 손의 신경이 끊어지는 심각한 부상을 입고 큰 상심에 빠진다. 게다가 모난 말들로 사랑하는 여인 크리스틴 팔머(레이첼 맥아담스)마저 그의 곁을 떠나게 만든다. 그는 치료를 위해 히말라야의 영적 지도자, 에인션트 원(틸다 스윈튼)을 만나 마지막 희망을 걸고 수련을 시작한다. 스트레인지는 빠르게 마법을 터득해 나가는 동시에 세계의 작동원리와",['https://movie-phinf.pstatic.net/20161014_50/147640824152266AVn_JPEG/movie_image.jpg?type=m203_290_2'],['https://movie-phinf.pstatic.net/20161014_50/147640824152266AVn_JPEG/movie_image.jpg'],50
55,리핑 - 10개의 재앙,656652,99,15세 관람가,32.107,2007-04-05,5.5,힐러리 스웽크,,,"가족이 비참하게 살해당한 사건을 겪은 후 종교에 대한 깊은 회의에 빠진 캐서린 윈터(힐러리 스웽크). 선교사로서의 활동을 접고 종교적인 현상을 과학적으로 증명해 명성을 얻은 그녀는 어느 날, 작은 마을에 나타난 10가지 재앙에 대한 조사를 의뢰 받는다. 마을사람들로부터 재앙의 원인으로 몰아쳐진 어린 소녀 로렌(안나소피아 롭)을 만난 후부터 캐서린은 점점 믿을 수 없는 사실들과 직면하게 된다. 그녀가 맹신하던 과학으로도 설명이 불가능하다는 걸 깨닫게 되면",['https://movie-phinf.pstatic.net/20111222_4/1324525907381jVqYD_JPEG/movie_image.jpg?type=m203_290_2'],['https://movie-phinf.pstatic.net/20111222_4/1324525907381jVqYD_JPEG/movie_image.jpg'],51
56,바이스,135895,132,15세 관람가,34.289,2018-12-25,7.1,크리스찬 베일,,,"대기업의 CEO에서 펜타곤 수장을 거쳐 미국 부통령까지 오른 딕 체니(크리스찬 베일). 재임 시절, 보이지 않는 이면에서 그가 내린 결정들은 세계의 흐름을 바꿔 버리고 뒤바뀐 역사는 다시는 회복될 수 없는 시간에 묻혀버렸다. 이제 그가 바꾼 글로벌한 역사의 변곡점들을 추적한다.",['https://movie-phinf.pstatic.net/20190322_181/1553216483584eF8l2_JPEG/movie_image.jpg?type=m203_290_2'],['https://movie-phinf.pstatic.net/20190322_181/1553216483584eF8l2_JPEG/movie_image.jpg'],52
57,구스범스: 몬스터의 역습,25857,90,12세 관람가,34.228,2015-08-05,6.2,웬디 맥렌던 커비, 매디슨 아이스먼, 제레미 레이 테일러,"책 속에 갇혀 있던 몬스터들이 깨어난다!  뉴욕에서 작은 마을로 이사 오게 된 잭(딜러 미네트)은 첫 날부터 옆집 소녀 헤나(오데야 러쉬)에게 호감을 느낀다. 하지만 전세계 베스트셀러 ‘구스범스’의 작가인 헤나의 아버지 스타인(잭 블랙)은 무언가를 숨기려는 듯 자신들의 집에 얼씬거리지 말라며 경고한다. 어느 날, 헤나의 비명 소리를 듣게 된 잭은 절친 챔프(라이언 리)를 불러 몰래 잠입하고, 그곳에서 자물쇠로 잠겨 있는 베스트셀러 소설 ‘구스범스’ 책들",[],[],53
58,투 마더스,71351,111,청소년 관람불가,32.136,2013-04-03,6.1,나오미 왓츠, 로빈 라이트, 자비에르 사무엘,"어린 시절부터 자매처럼 늘 함께였던 릴(나오미 왓츠)과 로즈(로빈 라이트).  갑작스런 교통사고로 남편을 떠나 보낸 릴과 이안(자비에르 사무엘) 모자를 가족처럼 보살피는 로즈와 그녀의 아들 톰(제임스 프레체빌).  네 사람은 서로에게 없어서는 안 될 존재가 된다.  어느 날, 이안은 로즈에게 숨겨왔던 진심을 고백하고,  그녀는 매력적인 남자로 성장한 이안의 유혹을 뿌리 치지 못하고 키스를 받아들인다.  한편, 톰은 자신의 친구와 엄마의 관계를 목격한 뒤",['https://movie-phinf.pstatic.net/20130718_5/1374116517723KjwyC_JPEG/movie_image.jpg?type=m203_290_2'],['https://movie-phinf.pstatic.net/20130718_5/1374116517723KjwyC_JPEG/movie_image.jpg'],54
59,캡틴 아메리카: 시빌 워,8678117,147,12세 관람가,52.135,2016-04-27,7.3,크리스 에반스, 로버트 다우니 주니어, 스칼렛 요한슨,"어벤져스가 벌인 전투로 많은 사람들이 불의의 사고를 당하는 등 부수적인 피해가 일어나자 정부는 슈퍼히어로 등록제를 추진하려 한다. 어벤져스의 독자적인 판단에 맡기기보다 직접 관리, 감독하겠다는 게 정부의 속내. 아이언맨(로버트 다우니 주니어)은 정부의 방침을 따라야 한다는 입장인 반면, 캡틴 아메리카(크리스 에반스)는 정부의 감시 없이 자유롭게 지구를 지켜야 한다고 주장한다. 어벤져스 내부는 캡틴 아메리카(윈터 솔져, 팔콘, 호크아이, 스칼렛 위치, 앤",['https://movie-phinf.pstatic.net/20160427_273/1461725031863moaJw_JPEG/movie_image.jpg?type=m203_290_2'],['https://movie-phinf.pstatic.net/20160427_273/1461725031863moaJw_JPEG/movie_image.jpg'],55
60,어벤져스: 인피니티 워,11212710,149,12세 관람가,154.554,2018-04-25,8.3,로버트 다우니 주니어, 조슈 브롤린, 크리스 헴스워스,"타노스(조시 브롤린)는 6개의 인피니티 스톤을 획득해 신으로 군림하려 한다. 그것은 곧 인류의 절반을 학살해 우주의 균형을 맞추겠다는 뜻. 타노스는 닥터 스트레인지(베네딕트 컴버배치)가 소유한 타임 스톤, 비전(폴 베타니)의 이마에 박혀 있는 마인드 스톤을 차지하기 위해 지구를 침략한다. 아이언맨(로버트 다우니 주니어)과 스파이더맨(톰 홀랜드)은 가디언즈 오브 갤럭시의 멤버들과 타노스를 상대한다. 지구에선 캡틴 아메리카(크리스 에반스), 완다(엘리자베스",['https://movie-phinf.pstatic.net/20180322_242/15216962441485x5Om_JPEG/movie_image.jpg?type=m203_290_2'],['https://movie-phinf.pstatic.net/20180322_242/15216962441485x5Om_JPEG/movie_image.jpg'],55
61,어벤져스: 엔드게임,12508895,181,12세 관람가,322.179,2019-04-24,8.6,로버트 다우니 주니어, 크리스 에반스, 크리스 헴스워스,"인피니티 워 이후 절반만 살아남은 지구, 마지막 희망이 된 어벤져스! 먼저 떠난 그들을 위해 모든 것을 걸었다!",['https://movie-phinf.pstatic.net/20190417_250/1555465284425i6WQE_JPEG/movie_image.jpg?type=m203_290_2'],['https://movie-phinf.pstatic.net/20190417_250/1555465284425i6WQE_JPEG/movie_image.jpg'],55
62,더 이퀄라이저,82779,131,청소년 관람불가,30.705,2014-09-24,7.2,덴젤 워싱턴, 클로이 모레츠, 마튼 초카스,"“법이 지켜주지 않는다면, 내가 한다!”  새벽 2시만 되면 어김없이 잠에서 깨는 로버트 맥콜(덴젤 워싱턴). 불면증으로 잠 못 드는 이 시간이면 그는 늘 책 한 권을 들고 카페로 향한다. 가족도 친구도 없는 그는 아내가 남기고 간 ‘죽기 전에 읽어야 할 소설 100권’을 모두 읽는 것이 유일한 삶의 목표다. 그런 그에게 어느 날, 어린 콜걸 테리(클로이 모레츠)가 말을 건넨다.  “무슨 책이에요?”  “…기사의 이야기지. 기사가 존재하지 않는 세상에 ",['https://movie-phinf.pstatic.net/20150121_178/1421807969604sG8cu_JPEG/movie_image.jpg?type=m203_290_2'],['https://movie-phinf.pstatic.net/20150121_178/1421807969604sG8cu_JPEG/movie_image.jpg'],56
63,캡틴 마블,5799592,123,12세 관람가,247.608,2019-03-06,7.1,브리 라슨, 사무엘 L. 잭슨, 벤 멘델슨,"1995년, 공군 파일럿 시절의 기억을 잃고 크리족 전사로 살아가던 캐럴 댄버스(브리 라슨)가 지구에 불시착한다. 쉴드 신참 요원 닉 퓨리(사무엘 L. 잭슨)에게 발견되어 팀을 이룬 그들은 지구로 향하는 더 큰 위협을 감지하고 힘을 합쳐 전쟁을 끝내야 하는데…",['https://movie-phinf.pstatic.net/20190225_72/1551069530582h2huX_JPEG/movie_image.jpg?type=m203_290_2'],['https://movie-phinf.pstatic.net/20190225_72/1551069530582h2huX_JPEG/movie_image.jpg'],57
64,토르: 다크 월드,3040115,112,12세 관람가,57.661,2013-10-29,6.7,크리스 헴스워스, 나탈리 포트만, 톰 히들스턴,"어벤져스의 뉴욕 사건 후, 다시 신들의 고향인 아스가르드 왕국으로 돌아간 토르(크리스 헴스워스)와 로키(톰 히들스턴). 지구를 위협한 로키는 지하 감옥에 갇히고, 토르는 아버지 오딘(안소니 홉킨스)과 함께 우주의 질서를 재정립하기 위해 나선다. 1년 후, 지구에 혼자 남은 제인(나탈리 포트만)은 우연히 태초부터 존재해왔던 어둠의 종족 다크 엘프의 무기 에테르를 얻게 된다. 이 사실을 안 다크엘프의 리더 말레키스는 에테르를 되찾기 위해 제인과 아스가르드를",['https://movie-phinf.pstatic.net/20130930_95/1380517012698Dpvj5_JPEG/movie_image.jpg?type=m203_290_2'],['https://movie-phinf.pstatic.net/20130930_95/1380517012698Dpvj5_JPEG/movie_image.jpg'],58
65,터미네이터 제니시스,3240378,125,15세 관람가,31.064,2015-06-23,5.9,아놀드 슈왈제네거, 제이슨 클락, 에밀리아 클라크,"인간 저항군의 리더 존 코너(제이슨 클라크)의 탄생을 막기 위해 스카이넷은 터미네이터를 과거로 보내고, 이를 저지하기 위해 부하 카일 리스(제이 코트니)가 뒤를 따른다. 젊은 사라 코너(에밀리아 클라크)와 그녀를 보호하고 있던 T-800(아놀드 슈워제네거)은 로봇과의 전쟁을 준비하며 이미 그들을 기다리고 있었다. 시간의 균열로 존 코너 역시 과거로 오지만 그는 나노 터미네이터 T-3000으로 변해있었던 것. 이제 인류는 인간도 기계도 아닌 그 이상의 초",['https://movie-phinf.pstatic.net/20150626_201/143528031886356KMN_JPEG/movie_image.jpg?type=m203_290_2'],['https://movie-phinf.pstatic.net/20150626_201/143528031886356KMN_JPEG/movie_image.jpg'],58
66,세기의 매치,20444,115,12세 관람가,32.245,2015-09-16,6.7,토비 맥과이어, 리브 슈라이버, 피터 사스가드,"6세, 체스 입문  13세, 미국 체스계 제패  15세, 최연소 그랜드 마스터 타이틀 획득  체스 천재 ‘바비 피셔’의 목표는 오직 단 하나 국제무대에서 우승해 세계 정상에 등극하는 것!  이제 챔피언 자리까지 남은 사람은 단 한 명  무패 신화 체스 황제 ‘보리스 스파스키’를 넘어야만 한다!  드디어 전 세계의 시선이 집중된 역사적인 경기가 열리는 날, 마치 제 3차 세계대전을 방불케 하는 긴장감이 도는 무대 위 ‘바비 피셔’의 모습이 보이지 않는데…",['https://movie-phinf.pstatic.net/20160104_32/1451887009479l9pvF_JPEG/movie_image.jpg?type=m203_290_2'],['https://movie-phinf.pstatic.net/20160104_32/1451887009479l9pvF_JPEG/movie_image.jpg'],59
67,후드,284593,116,12세 관람가,57.217,2018-11-20,5.7,태런 에저튼, 제이미 폭스, 벤 멘델슨,돈과 권력을 앞세운 권력층으로 인해 모두가 힘들어진 시기.  전쟁에서 죽은 줄 알았던 귀족 가문의 스무살 청년 ‘로빈’이 나타난 뒤 부자들의 돈만 훔친다는 후드를 쓴 남자에 대한 소문이 들려온다. 정체를 알 수 없는 그에게 막대한 현상금이 걸리지만 번번이 잡는데 실패하고 신출귀몰한 후드의 활약에 사람들도 점차 동요하기 시작하는데…,['https://movie-phinf.pstatic.net/20181031_91/1540952362335FhIxg_JPEG/movie_image.jpg?type=m203_290_2'],['https://movie-phinf.pstatic.net/20181031_91/1540952362335FhIxg_JPEG/movie_image.jpg'],60
68,2046,123062,128,청소년 관람불가,32.137,2004-05-20,7.2,장쯔이, 장첸, 기무라 타쿠야,"2046, 사람들은 잃어버린 기억을 찾아 헤맨다…  첫 번째 사랑 이야기 ?  지독히 사랑했기에 다시는 사랑할 수 없는 남자와 절망적인 사랑의 열병에 빠져버린 여자  기자이자 작가인 초우(양조위)는 수리첸(장만옥)과의 기억을 되살리게 만드는 호텔 2046호에 머물려고 하지만, 그 방에선 묘령의 여인(유가령)이 스스로 목숨을 끊는 일이 발생해 할 수 없이 옆방인 2047호에 투숙하게 된다. 며칠 후, 2046호에 고급콜걸인 바이 링(장쯔이)이 투숙해 초우",['https://movie-phinf.pstatic.net/20111222_55/1324545524342fHFn1_JPEG/movie_image.jpg?type=m203_290_2'],['https://movie-phinf.pstatic.net/20111222_55/1324545524342fHFn1_JPEG/movie_image.jpg'],61
69,더 페이버릿: 여왕의 여자,164366,119,15세 관람가,41.917,2018-11-23,7.7,올리비아 콜맨, 엠마 스톤, 레이첼 와이즈,절대 권력을 지닌 히스테릭한 영국의 여왕 ‘앤’(올리비아 콜맨). ?여왕의 오랜 친구이자 권력의 실세 ‘사라 제닝스’(레이첼 와이즈)와 ?신분 상승을 노리는 몰락한 귀족 가문 출신의 욕망 하녀 ?‘애비게일 힐’(엠마 스톤)은 여왕의 총애를 받기 위해 ?수단과 방법을 가리지 않고 발버둥치기 시작하는데…?,['https://movie-phinf.pstatic.net/20190214_257/1550130475283pkbtF_JPEG/movie_image.jpg?type=m203_290_2'],['https://movie-phinf.pstatic.net/20190214_257/1550130475283pkbtF_JPEG/movie_image.jpg'],62
70,메이즈 러너: 데스 큐어,2299751,143,12세 관람가,34.239,2014-09-10,7.1,딜런 오브라이언, 토마스 생스터, 카야 스코델라리오,"삭제된 기억, 거대한 미로로 둘러싸인 낯선 공간  모든 기억이 삭제된 채 의문의 장소로 보내진 ‘토마스’(딜런 오브라이언).  ‘토마스’는 미로에 갇힌 그곳에서 자신과 같은 상황의 사람들을 만난다.  그들은 매일 밤 살아 움직이는 미로에서 정체를 알 수 없는 죽음의 존재와 대립하며,  지옥으로부터 빠져나갈 탈출구인 지도를 완성해 나간다.  그러던 어느 날, 미로의 문이 열리고 그들은 마지막 선택의 기로에 놓이게 되는데…",['https://movie-phinf.pstatic.net/20180109_2/1515462206998c2SSi_JPEG/movie_image.jpg?type=m203_290_2'],['https://movie-phinf.pstatic.net/20180109_2/1515462206998c2SSi_JPEG/movie_image.jpg'],63
71,극장판 도라에몽: 진구의 보물섬,183220,108,전체 관람가,159.591,2018-03-03,5.6,윤아영, 김정아, 조현정,보물을 찾기로 결심한 진구는 도라에몽의 ‘보물찾기 지도’로 수수께끼 섬을 발견한다.  ‘노진구올라호’를 타고 보물섬으로 향하던 도라에몽과 친구들은 해적에게 습격 당하고 이슬이까지 납치되고 마는데…  우연히 바다에서 표류하던 소년 플록과 앵무새 퀴즈를 만나 보물섬의 비밀에 대해 알게 된다! 과연 캡틴도라와 친구들은 수수께끼 섬에 잠든 환상의 보물을 찾을 수 있을까?,['https://movie-phinf.pstatic.net/20180801_60/1533089003342RpL4m_JPEG/movie_image.jpg?type=m203_290_2'],['https://movie-phinf.pstatic.net/20180801_60/1533089003342RpL4m_JPEG/movie_image.jpg'],64
72,단지 세상의 끝,31604,99,15세 관람가,32.627,2016-08-26,7.3,나탈리 베이, 뱅상 카셀, 마리옹 꼬띠아르,"시한부 선고를 받은 유명 작가 루이(가스파르 울리엘)는 자신의 죽음을 알리기 위해 고향을 떠난 지 12년 만에 집을 찾는다. 아들을 위해 정성껏 요리를 준비한 어머니(나탈리 베이), 오빠에 대한 환상과 기대로 예쁘게 치장한 여동생 쉬잔(레아 세이두), 못마땅한 표정으로 동생을 맞이하는 형 앙투안(뱅상 카셀), 그리고 처음으로 루이와 인사를 나누는 형수 카트린(마리옹 꼬띠아르)까지. 시끌벅적하고 감격적인 재회도 잠시, 가족들은 루이의 고백이 시작되기도 전",['https://movie-phinf.pstatic.net/20170111_259/1484099556953h6AAF_JPEG/movie_image.jpg?type=m203_290_2'],['https://movie-phinf.pstatic.net/20170111_259/1484099556953h6AAF_JPEG/movie_image.jpg'],65
73,저스���스 리그,1786388,120,12세 관람가,39.12,2017-11-15,6.2,벤 애플렉, 갤 가돗, 제이슨 모모아,"마더박스는 시간과 공간, 에너지, 중력을 통제하는 범우주적인 능력으로 행성의 파괴마저도 초래하는 물체로  이 강력한 힘을 통제하기 위해 고대부터 총 3개로 분리되어 보관되고 있던 것. 인류에 대한 믿음을 되찾고 슈퍼맨의 희생 정신에 마음이 움직인 브루스 웨인은  새로운 동료인 다이애나 프린스에게 도움을 청해 이 거대한 적에 맞서기로 한다. 배트맨과 원더 우먼은 새로이 등장한 위협에 맞서기 위해 아쿠아맨, 사이보그, 플래시를 찾아 신속히 팀을 꾸린다. 이",['https://movie-phinf.pstatic.net/20170925_296/150631600340898aUX_JPEG/movie_image.jpg?type=m203_290_2'],['https://movie-phinf.pstatic.net/20170925_296/150631600340898aUX_JPEG/movie_image.jpg'],66
74,파이브 피트,98528,116,15세 관람가,35.81,2019-03-15,8.2,헤일리 루 리차드슨, 콜 스프로즈,,"같은 병을 가진 사람끼리 6피트 이상 접근해서도, 접촉도 해선 안되는 CF(낭포성 섬유증)를 가진 ‘스텔라’와 ‘윌’. 첫눈에 반한 두 사람은 서로를 위해 안전거리를 유지하려고 하지만 그럴수록 더욱 빠져든다. 손을 잡을 수도 키스를 할 수도 없는 그들은 병 때문에 지켜야 했던 6피트에서 1피트 더 가까워지는 걸 선택하고 처음으로 용기를 내 병원 밖 데이트를 결심한다. 그러나 갑자기 숨을 쉬지 못하는 ‘스텔라’. ‘윌’은 그녀를 살리기 위해 안전거리를 어",['https://movie-phinf.pstatic.net/20190405_72/155444000594589QMA_JPEG/movie_image.jpg?type=m203_290_2'],['https://movie-phinf.pstatic.net/20190405_72/155444000594589QMA_JPEG/movie_image.jpg'],67
75,워터호스,105918,111,전체 관람가,32.469,2007-12-25,6.4,알렉스 에텔, 에밀리 왓슨,,"2차세계대전 시기 스코틀랜드.. 호기심 많은 소년 앵거스는 네스 호 주변에서 신비로운 알을 발견한다. 무언가에 이끌리듯 그 신비의 알을 집으로 가져오게된 앵거스. 밤사이 알이 부화하여 전설속의 괴물이 태어나고 앵거스는 ""크루소""라고 이름을 지어부르며 몰래 키우기 시작한다. 앵거스와 크루소는 둘도 없는 친구가 되어가지만 놀라운 속도로 성장하는 크루소를 더이상 집에서 키울수 없게 된다. 앵거스는 어쩔수 없이 크루소를 네스 호로 보내고 사람들로부터 크루소를 ",['https://movie-phinf.pstatic.net/20111222_97/1324524289039DoQPg_JPEG/movie_image.jpg?type=m203_290_2'],['https://movie-phinf.pstatic.net/20111222_97/1324524289039DoQPg_JPEG/movie_image.jpg'],68
76,가디언즈 오브 갤럭시 VOL. 2,2736060,136,12세 관람가,83.75,2017-04-19,7.7,크리스 프랫, 조 샐다나, 데이브 바티스타,타노스에 맞서 은하계를 구하고 최고의 해결사로 등극한 스타로드 일행. 하지만 소버린 행성의 여사제 아이샤(엘리자베스 데비키)를 돕던 중 옛버릇을 고치지 못하고 행성의 배터리를 훔쳤다가 소버린 종족에 쫓기는 신세가 된다. 그 과정에서 피터의 아버지 에고(커트 러셀)가 그들을 돕는다. 아픈 엄마와 어린 자신을 버리고 떠난 아버지에 대한 원망이 컸던 피터는 에고의 행성에서 아버지의 능력을 확인하곤 그 힘에 이끌린다. 하지만 가모라는 에고의 행성에서 이상한 기,['https://movie-phinf.pstatic.net/20170329_6/1490752948552vH5G8_JPEG/movie_image.jpg?type=m203_290_2'],['https://movie-phinf.pstatic.net/20170329_6/1490752948552vH5G8_JPEG/movie_image.jpg'],69
77,가디언즈 오브 갤럭시 VOL. 2,2736060,136,12세 관람가,78.022,2014-07-30,7.9,크리스 프랫, 조 샐다나, 데이브 바티스타,"자칭 전설의 무법자 스타로드, 그러나 현실은 우주를 떠도는 그저그런 좀도둑에 불과한 피터 퀼(크리스 프랫)은 무엇인지도 모른 채 오브를 훔쳤다가 생고생의 길로 접어든다. 값나가는 유물인 줄 알았던 오브가 실은 어마어마한 힘을 지닌 인피니티 스톤이었던 것. 뜻하지 않게 갤럭시의 절대악 타노스와 로난의 타겟이 된 그는 감옥에서 만난 암살자 가모라(조 샐다나), 거구의 파이터 드랙스(데이브 바티스타), 현상금 사냥꾼 로켓(브래들리 쿠퍼)과 그루트(빈 디젤) ",['https://movie-phinf.pstatic.net/20170329_6/1490752948552vH5G8_JPEG/movie_image.jpg?type=m203_290_2'],['https://movie-phinf.pstatic.net/20170329_6/1490752948552vH5G8_JPEG/movie_image.jpg'],69
78,로건,2169109,137,청소년 관람불가,84.552,2017-02-28,7.8,휴 잭맨,,,"2029년 알 수 없는 이유로 돌연변이들이 태어나지 않는 미래, 더이상 엑스맨은 없다. 갈수록 재생력이 약해져 늙고 수척해진 로건(휴 잭맨)은 멕시코 국경지대 은신처에 찰스 교수(패트릭 스튜어트)를 보호 중이다. 뇌에 심각한 손상을 입은 찰스 교수는 과거를 제대로 기억하지 못하는 데다 간헐적으로 주변을 위협하는 발작까지 일으킨다. 찰스 교수와 함께 떠날 배를 사기 위해 리무진 기사로 일하며 돈을 모으는 로건. 어느 날 낯선 여인이 찾아와 돌연변이 소녀 ",['https://movie-phinf.pstatic.net/20170511_70/1494464362009nw0gc_JPEG/movie_image.jpg?type=m203_290_2'],['https://movie-phinf.pstatic.net/20170511_70/1494464362009nw0gc_JPEG/movie_image.jpg'],70
79,아쿠아맨,5038143,143,12세 관람가,76.997,2018-12-07,6.8,제이슨 모모아, 앰버 허드, 니콜 키드먼,"정략결혼을 피해 해저 왕국 아틀란티스에서 도망쳐 육지로 오게 된 아틀라나(니콜 키드먼)는 등대지기 톰(테무에라 모리슨)과 사랑에 빠진다. 아틀란티스의 세력으로부터 남편과 아들 아서(제이슨 모모아)을 지키기 위해서 아틀라나는 바다로 돌아가고, 육지에 남은 아서는 어릴 때부터 자신의 초능력을 인지해 인간세계의 해적을 물리치는 등 나름의 활약을 펼친다. 한편 아서의 이부형제 옴(패트릭 윌슨)은 육지를 정복하기 위한 작전을 세운다. 옴의 약혼자이자 네레우스 왕",['https://movie-phinf.pstatic.net/20181210_126/1544403103928nczJs_JPEG/movie_image.jpg?type=m203_290_2'],['https://movie-phinf.pstatic.net/20181210_126/1544403103928nczJs_JPEG/movie_image.jpg'],71
80,아바타,13486963,162,12세 관람가,36.211,2009-12-10,7.4,샘 워싱턴, 조 샐다나, 시고니 위버,"가까운 미래, 지구는 에너지 고갈 문제를 해결하기 위해 머나먼 행성 판도라에서 대체 자원을 채굴하기 시작한다. 하지만 판도라의 독성을 지닌 대기로 인해 자원 획득에 어려움을 겪게 된 인류는 판도라의 토착민 나비(Na’vi)의 외형에 인간의 의식을 주입, 원격 조종이 가능한 새로운 생명체를 탄생시키는 프로그램을 개발한다. 한편 하반신이 마비된 전직 해병대원 제이크 설리(샘 워딩튼)는 아바타 프로그램에 참가할 것을 제안받는다. 그 곳에서 자신의 아바타를 통",['https://movie-phinf.pstatic.net/20180518_218/1526609377997LxLgL_JPEG/movie_image.jpg?type=m203_290_2'],['https://movie-phinf.pstatic.net/20180518_218/1526609377997LxLgL_JPEG/movie_image.jpg'],72
81,트루스 오어 데어,310962,100,15세 관람가,41.987,2018-04-12,6,루시 헤일, 타일러 포시, 바이올렛 빈,"선택해 TRUTH OR DARE  무엇을 선택하든 공포는 시작될 거야!  친구들과 멕시코로 여행을 간 '올리비아'가 '카터'라는 남자를 만나 멕시코의 한 폐수도원에서 '트루스 오어 데어' 게임을 한 이후로, 친구들이 단체사진 순서로 '트루스 오어 데어' 게임을 강제로 하게 된다. 친구들의 죽음으로 이것이 소설이 아니라 현실인 것을 알게 된 나머지 친구들은 이 게임의 시초를 알아내기 시작하지만, 교활한 게임은 친구들을 거의 가지고 놀다시피 하며 게임을 진",['https://movie-phinf.pstatic.net/20180503_37/1525332298689zgK17_JPEG/movie_image.jpg?type=m203_290_2'],['https://movie-phinf.pstatic.net/20180503_37/1525332298689zgK17_JPEG/movie_image.jpg'],73
82,캡틴 아메리카: 윈터 솔져,3963964,136,15세 관람가,47.096,2014-03-20,7.7,크리스 에반스, 스칼렛 요한슨, 사무엘 L. 잭슨,스티브 로저스(크리스 에반스)는 외계의 뉴욕 침공 사건이 있은 뒤 워싱턴에서 쉴드 요원으로 살아가고 있다. 납치된 쉴드의 함선을 구출하는 작전을 펼치던 중 스티브는 닉 퓨리 국장(새뮤얼 L. 잭슨)과 블랙 위도우(스칼렛 요한슨)가 쉴드의 정보를 무단으로 수집하고 있다는 것을 알게 된다. 그리고 얼마 뒤 닉 퓨리는 윈터 솔져(세바스천 스탠)의 공격으로 눈을 감는다. 블랙 위도우와 함께 닉 퓨리가 남긴 USB를 분석하며 진실을 추적하던 스티브는 적이 쉴드 ,['https://movie-phinf.pstatic.net/20140320_56/1395301906218FkBsV_JPEG/movie_image.jpg?type=m203_290_2'],['https://movie-phinf.pstatic.net/20140320_56/1395301906218FkBsV_JPEG/movie_image.jpg'],74
83,퍼스트 어벤져,514579,123,12세 관람가,69.509,2011-07-22,6.9,크리스 에반스, 토미 리 존스, 휴고 위빙,"진주만 공습을 겪은 미국은 선전포고를 하고 제2차 세계대전에 발을 들인다. 스티브 로저스(크리스 에반스)는 왜소하고 마른 체격으로 인해 입대마저 번번히 거부당하지만, 포기를 모르는 근성과 강한 희생 정신을 인정받아 최고의 전사를 양성하는 슈퍼 솔져 프로젝트에 스카우트된다. 비밀리에 진행된 실험을 통해 가장 완벽한 육체와 인간의 한계를 초월한 신체 능력을 얻게 된 스티브는 모두에게 캡틴으로 불리며 영웅으로 새롭게 태어난다. 하지만 거대한 히드라 조직을 앞",['https://movie-phinf.pstatic.net/20111223_44/1324635585945KDOJ5_JPEG/movie_image.jpg?type=m203_290_2'],['https://movie-phinf.pstatic.net/20111223_44/1324635585945KDOJ5_JPEG/movie_image.jpg'],75
84,왕이 될 아이,29236,120,전체 관람가,52.617,2019-01-16,6.1,루이스 서키스, 레베카 퍼거슨, 패트릭 스튜어트,"바위에 꽂힌 미스터리한 검을 발견한 ‘알렉스’(루이스 서키스). 득템의 기쁨도 잠시, 다크포스 풍기는 마법 존재들의 공격에서 가까스로 위기를 모면한다. 마법사 ‘멀린’(패트릭 스튜어트)은 ‘알렉스’가 미래를 구할 왕이 될 아이라 말하고, 레알 베프와 무늬만 친구였던 아이들을 모아 최악의 마녀 ‘모가나’(레베카 퍼거슨)와 싸워야 한다. 최 연 소 초딩 히어로의 탄생? 절대악에 맞서 세상을 구하라!",['https://movie-phinf.pstatic.net/20190111_144/1547171404525buiqs_JPEG/movie_image.jpg?type=m203_290_2'],['https://movie-phinf.pstatic.net/20190111_144/1547171404525buiqs_JPEG/movie_image.jpg'],76
85,빌리 진 킹: 세기의 대결,20138,121,15세 관람가,31.834,2017-09-05,6.9,엠마 스톤, 스티브 카렐,,"“여자가 코트에 없으면 공은 누가 줍죠?”  변화의 바람이 거세던 1973년, 여자 테니스 랭킹 1위, 전 국민이 사랑하는 세기의 챔피언 ‘빌리’(엠마 스톤)는 남자 선수들과 같은 성과에도 그에 비해 터무니없이 적은 상금에 대한 보이콧으로 직접 세계여자테니스협회를 설립한다. 남성 중심 스포츠 업계의 냉대 속에서도 ‘빌리’와 동료들은 직접 발로 뛰며 협찬사를 모집, 자신들만의 대회를 개최하며 화제를 모은다.  세계를 뒤흔든 빅매치, 세상을 바꾼 도전  한",['https://movie-phinf.pstatic.net/20171024_259/1508822678547Cc0PV_JPEG/movie_image.jpg?type=m203_290_2'],['https://movie-phinf.pstatic.net/20171024_259/1508822678547Cc0PV_JPEG/movie_image.jpg'],77
86,어스,1474908,116,15세 관람가,62.397,2019-03-14,7.2,루피타 뇽, 윈스턴 듀크, 엘리자베스 모스,"애들레이드와 게이브 윌슨(루피타 뇽오와 윈스턴 듀크)은 아이들을 데리고 캘리포니아 북부에 있는 아들레이드의 오래된 해변가로 여름 휴가를 떠난다. 다음날 합류 한 타일러 가족(엘리자베스 모스와 팀 하이데커)과 함께 해변에서 하루를 보내지만, 애들레이드는 과거에 겪은 트라우마 증상이 심해지며 나쁜 일이 일어날 것이라는 공포에 시달린다. 밤이 되고 윌슨은 차도에 조용히 서있는 네명의 손을 맞잡은 뭔가를 보게 되는데...",['https://movie-phinf.pstatic.net/20190329_232/1553849027701K0DBy_JPEG/movie_image.jpg?type=m203_290_2'],['https://movie-phinf.pstatic.net/20190329_232/1553849027701K0DBy_JPEG/movie_image.jpg'],78
87,47 미터,590045,89,15세 관람가,38.647,2017-05-25,5.6,맨디 무어, 클레어 홀트,,"멕시코의 태평양 연안에서 특별한 휴가를 맞은 ‘리사’와 ‘케이트’. 잊을 수 없는 추억을 만들기 위해 익스트림 스포츠인 상어 체험(샤크 케이지)에 도전한다. 하지만 즐거움도 잠시, 자매가 올라 탄 케이지는 알 수 없는 사고로 순식간에 심해 47미터까지 추락하고 만다. 무시무시한 식인 상어 무리에 둘러싸인 '샤크 케이지' 속에서 산소 탱크로 버틸 수 있는 시간은 단 20분!",['https://movie-phinf.pstatic.net/20170710_236/1499649120659mlzY0_JPEG/movie_image.jpg?type=m203_290_2'],['https://movie-phinf.pstatic.net/20170710_236/1499649120659mlzY0_JPEG/movie_image.jpg'],79
88,메가로돈,527962,113,12세 관람가,35.173,2018-08-09,5.9,제이슨 스타뎀, 레인 윌슨,,"모든 것을 먹어 치운다! 국제 해저 관측 프로그램으로 일환으로 심해를 탐사 중인 해저 탐험대는 정체 모를 거대 생물에게 공격을 당한다. 긴급 투입된 심해 구조 전문가 조나스(제이슨 스타뎀)는 그것이 200만년 전 멸종된 것으로 알려진 ‘메가로돈’임을 주장한다. 아무도 믿으려 하지 않지만, 조나스는 역사상 가장 위대하고 가장 거대한 포식자와 두 번째로 마주하는 것인데…",['https://movie-phinf.pstatic.net/20180710_245/1531211626893q4iLG_JPEG/movie_image.jpg?type=m203_290_2'],['https://movie-phinf.pstatic.net/20180710_245/1531211626893q4iLG_JPEG/movie_image.jpg'],80
89,아이언맨,4300365,125,12세 관람가,63.19,2008-04-30,7.5,로버트 다우니 주니어, 테렌스 하워드, 제프 브리지스,"천재적인 두뇌와 재능으로 세계 최강의 무기업체를 이끄는 CEO이자, 타고난 매력으로 셀러브리티 못지않은 화려한 삶을 살아가던 억만장자 토니 스타크. 아프가니스탄에서 자신이 개발한 신무기 발표를 성공리에 마치고 돌아가던 그는 게릴라군의 갑작스런 공격에 의해 가슴에 치명적인 부상을 입고 게릴라군에게 납치된다. 가까스로 목숨을 건진 그에게 게릴라군은 자신들을 위한 강력한 무기를 개발하라며 그를 위협한다. 그러나 그는 게릴라군을 위한 무기 대신, 탈출을 위한 ",['https://movie-phinf.pstatic.net/20111222_37/1324501632182vbSoY_JPEG/movie_image.jpg?type=m203_290_2'],['https://movie-phinf.pstatic.net/20111222_37/1324501632182vbSoY_JPEG/movie_image.jpg'],81
90,아이언맨 2,4425235,125,12세 관람가,44.89,2010-04-28,6.8,로버트 다우니 주니어, 기네스 팰트로, 돈 치들,"세계 최강의 무기업체를 이끄는 CEO이자, 타고난 매력으로 화려한 삶을 살아가던 토니 스타크. 기자회견을 통해 자신이 아이언맨이라고 정체를 밝힌 이후, 정부로부터 아이언맨 수트를 국가에 귀속시키라는 압박을 받지만 이를 거부한다. 스타크 인더스트리의 운영권까지 수석 비서였던 페퍼 포츠에게 일임하고 히어로로서의 인기를 만끽하며 지내던 토니 스타크. 하지만 그 시각, 아이언맨의 수트 기술을 스타크 가문에 빼앗긴 후 쓸쓸히 돌아가신 아버지의 복수를 다짐해 온 ",['https://movie-phinf.pstatic.net/20111223_163/1324610044306xOc34_JPEG/movie_image.jpg?type=m203_290_2'],['https://movie-phinf.pstatic.net/20111223_163/1324610044306xOc34_JPEG/movie_image.jpg'],81
91,다크 플레이스,66127,113,청소년 관람불가,31.318,2015-03-31,5.9,샤를리즈 테론, 니콜라스 홀트, 클로이 모레츠,"라일의 추리 탐정 클럽, 킬 클럽에서 활동하고 있는 라일(니콜라스 홀트)은 25년 전 큰 아들 벤이 엄마와 어린 여동생 2명을 잔혹하게 살해한 사건에 의구심을 갖게 되고 유일한 생존자이자 증인, 막내 리비(샤를리즈 테론)를 찾게 된다. 리비의 기억 오빠 벤이 엄마와 언니들을 잔혹하게 살해한 사건의 유일한 목격자. 아직도 어린 시절의 충격에서 벗어나지 못한 리비에게 어느 날 라일이란 사람이 25년 전 사건에 미심쩍은 부분이 있다며 그녀를 찾아온다. 경제적",['https://movie-phinf.pstatic.net/20150707_126/1436246947798VhHJM_JPEG/movie_image.jpg?type=m203_290_2'],['https://movie-phinf.pstatic.net/20150707_126/1436246947798VhHJM_JPEG/movie_image.jpg'],82
92,존 윅 - 리로드,276428,122,청소년 관람불가,30.58,2017-02-08,7,키아누 리브스,,,"업계 최고의 레전드 킬러 ‘존 윅’. 은퇴 후 평화로운 삶을 꿈꾸던 그의 계획은  ‘국제 암살자 연합’을 탈취하려는 옛 동료의 계획과 함께 산산조각난다.  친구의 목숨을 구하기 위해 로마로 향하는 ‘존 윅’,  하지만 그곳에는 전세계의 암살자들이 그를 노리고 있는데…",['https://movie-phinf.pstatic.net/20170221_170/1487660350597Fn5yI_JPEG/movie_image.jpg?type=m203_290_2'],['https://movie-phinf.pstatic.net/20170221_170/1487660350597Fn5yI_JPEG/movie_image.jpg'],83
93,트랜스포터: 리퓰드,161245,86,15세 관람가,37.73,2015-09-03,5.4,에드 스크레인, 론 샤바놀,,"더욱 빠르고 강력해진 NEW 트랜스포터의 탄생!  의뢰인의 물건을 비밀스럽게 운반하는 트랜스포터, 프랭크 마틴. 이름을 알 수 없는 이로부터 의뢰를 받고 약속 장소에 나가게 되지만 그는 누군가의 음모에 이용당하게 된다. 아버지까지 납치 당하고, 프랭크는 어쩔 수 없이 러시아 인신매매 집단에 맞서 임무를 완수해야만 하는 상황에 놓이게 된다! 이에 프랭크는 트랜스포터의 모든 규칙을 깨고, 새로운 룰로 미션을 해결하려고 하는데…",['https://movie-phinf.pstatic.net/20151006_275/1444094347537ds24z_JPEG/movie_image.jpg?type=m203_290_2'],['https://movie-phinf.pstatic.net/20151006_275/1444094347537ds24z_JPEG/movie_image.jpg'],84
94,디트로이트,22841,143,15세 관람가,34.018,2017-07-28,7.3,존 보예가, 안소니 마키, 윌 폴터,"흑인과 백인 사이의 인종간 대립이 심화되던 1967년 디트로이트의 7월 더운 여름날 밤. 백인 경찰이 무허가 술집을 단속하면서 손님을 모조리 체포하는 일이 일어난다. 항의시위가 일어나고, 시위는 대규모 폭동으로 번진다. 디트로이트는 멈출 줄 모르는 시민들의 폭동과 약탈 범죄, 그리고 경찰의 무자비한 진압 속에서 이틀째 혼란을 겪고 있다. 1992년 LA 폭동 전까지 사상 최대, 최악의 폭동 사태 가운데 하나로 꼽히는 사건인 디트로이트 폭동을 다룬 이 영",['https://movie-phinf.pstatic.net/20180521_17/1526867754173ymbcC_JPEG/movie_image.jpg?type=m203_290_2'],['https://movie-phinf.pstatic.net/20180521_17/1526867754173ymbcC_JPEG/movie_image.jpg'],85
95,트와일라잇,1376760,121,12세 관람가,40.778,2008-11-20,6,크리스틴 스튜어트, 로버트 패틴슨,,"불멸의 뱀파이어와 인간의 위험한 사랑!  그들을 노리는 또 다른 뱀파이어 종족과의 숨막히는 대결! 창백한 얼굴, 붉은 입술, 짙은 황금빛 눈동자…지상에 존재하지 않을 것 같은 외모의 에드워드에게 매료된 벨라는 그의 숨겨진 비밀을 알게 된다. 바로 그는 108년을 살아온 뱀파이어라는 충격적인 사실. 그러나 그녀는 죽음의 두려움도 잊은 채 에드워드와 위험한 사랑을 시작하고 이로 인해 그들은 또 다른 종족의 뱀파이어로부터 추격을 당한다. 이제 그들의 앞날엔 ",['https://movie-phinf.pstatic.net/20181114_127/15421634814664mCUO_JPEG/movie_image.jpg?type=m203_290_2'],['https://movie-phinf.pstatic.net/20181114_127/15421634814664mCUO_JPEG/movie_image.jpg'],86
96,토르: 천둥의 신,1694769,112,12세 관람가,60.566,2011-04-21,6.7,크리스 헴스워스, 나탈리 포트만, 톰 히들스턴,"파괴를 일삼는 요툰하임을 제압한 왕 오딘의 통치로 평화로운 나날을 보내고 있는 신의 세계 아스가르드. 오딘의 아들인 토르의 왕위 계승식이 있던 날, 요툰하임의 지배자인 라우페이는 평화 협정을 위반하고 아스가르드를 침입한다. 이 사건으로 왕위에 오르지 못한 토르는 분노와 모욕감에 요툰하임을 공격하지만 막강한 군대에 포위되어 위기에 몰리게 되고, 오딘은 토르의 오만하고 경솔한 행동에 분노해 토르의 신으로서의 능력을 박탈한 채 인간 세계 미스가르드로 추방한다",['https://movie-phinf.pstatic.net/20111223_276/1324635844036eo9sS_JPEG/movie_image.jpg?type=m203_290_2'],['https://movie-phinf.pstatic.net/20111223_276/1324635844036eo9sS_JPEG/movie_image.jpg'],87
97,공포의 묘지,102491,101,15세 관람가,114.533,2019-04-04,6,제이슨 클락, 존 리스고, 에이미 세이메츠,"갑작스런 사고로 딸 엘리를 잃은 크리드(제이슨 클락)는 죽은 것이 살아 돌아온다는 애완동물 공동묘지에 딸을 묻게 되고, 어딘가 다른 모습으로 돌아온 엘리는 무시무시한 공포의 대상이 되어 가족들의 숨통을 조여오는데…",['https://movie-phinf.pstatic.net/20190410_263/1554873909936kYTuV_JPEG/movie_image.jpg?type=m203_290_2'],['https://movie-phinf.pstatic.net/20190410_263/1554873909936kYTuV_JPEG/movie_image.jpg'],88
98,더 넌,1011580,96,15세 관람가,32.75,2018-09-05,5.6,타이사 파미가, 데미안 비쉬어, 보니 아론스,루마니아의 젊은 수녀가 자살하는 사건을 의뢰 받아 바티칸에서 파견된 버크 신부와 아이린 수녀가 수녀원을 조사하면서 충격적인 악령의 실체와 만나게 되는 이야기를 그린다.,['https://movie-phinf.pstatic.net/20180911_134/1536645540004OFOoL_JPEG/movie_image.jpg?type=m203_290_2'],['https://movie-phinf.pstatic.net/20180911_134/1536645540004OFOoL_JPEG/movie_image.jpg'],89
99,겨울왕국,10296101,108,전체 관람가,30.695,2013-11-27,7.3,크리스틴 벨, 이디나 멘젤,,"서로가 최고의 친구였던 자매 엘사와 안나. 하지만 언니 엘사에게는 하나뿐인 동생에게조차 말 못할 비밀이 있다. 모든 것을 얼려버리는 신비로운 힘이 바로 그 것. 엘사는 통제할 수 없는 자신의 힘이 두려워 왕국을 떠나 북쪽 산으로 도망치고, 홀로 그곳에서 얼음 궁전을 지어 지내게 된다. 한편 얼어버린 왕국의 저주를 풀기 위해 안나는 언니를 찾아 나서고, 그 과정에서 안나는 까칠한 매력의 얼음장수 크리스토프와 만나 영원히 얼어붙은 왕국을 구해내기 위해 함께",['https://movie-phinf.pstatic.net/20170418_82/1492496178995pHxdA_JPEG/movie_image.jpg?type=m203_290_2'],['https://movie-phinf.pstatic.net/20170418_82/1492496178995pHxdA_JPEG/movie_image.jpg'],90
100,모털 엔진,268921,128,12세 관람가,46.542,2018-11-27,6,헤라 힐마, 로버트 시한, 휴고 위빙,"움직이는 모든 것을 집어삼키려는 거대도시 ‘런던’. 탐욕스러운 거대도시 런던으로부터 세상을 지키려는 ‘저항 세력’. 숨겨진 공중도시 ‘에어 헤이븐’. 60분 전쟁으로 지구가 멸망한 황폐해진 미래, 인류의 생존이 걸린 움직이는 도시들의 전쟁. 끝내고 싶다면 모든 것을 삼켜야 한다",['https://movie-phinf.pstatic.net/20181121_20/1542781963353ydkIF_JPEG/movie_image.jpg?type=m203_290_2'],['https://movie-phinf.pstatic.net/20181121_20/1542781963353ydkIF_JPEG/movie_image.jpg'],91
101,다크 나이트,4175526,152,15세 관람가,34.751,2008-07-16,8.4,크리스찬 베일, 히스 레저, 아론 에크하트,"범죄와 부정부패를 제거하여 고담시를 지키려는 배트맨(크리스찬 베일). 그는 짐 고든 형사(게리 올드만)와 패기 넘치는 고담시 지방 검사 하비 덴트(아론 에크하트)와 함께 도시를 범죄 조직으로부터 영원히 구원하고자 한다. 세 명의 의기투합으로 위기에 처한 악당들이 모인 자리에 보라색 양복을 입고 얼굴에 짙게 화장을 한 괴이한 존재가 나타나 배트맨을 죽이자는 사상 초유의 제안을 한다. 그는 바로 어떠한 룰도, 목적도 없는 사상 최악의 악당 미치광이 살인광대",['https://movie-phinf.pstatic.net/20170608_209/1496886337035SDPLy_JPEG/movie_image.jpg?type=m203_290_2'],['https://movie-phinf.pstatic.net/20170608_209/1496886337035SDPLy_JPEG/movie_image.jpg'],92
102,인셉션,5835017,147,12세 관람가,35.951,2010-07-15,8.3,레오나르도 디카프리오, 와타나베 켄, 조셉 고든 레빗,"타인의 꿈과 접속해 생각을 빼낼 수 있는 근미래, 돔 코브(레오나르도 디카프리오)는 꿈의 보안 프로그래머이자 동시에 침입자다. 그는 일본인 사업가 사이토(와타나베 켄)의 제안에 따라 거대 합병 기업의 총수가 될 피셔(킬리언 머피)의 꿈을 설계하여 기업 합병을 막으려 든다. 그 일을 성사시키면 코브는 사이토의 도움으로 아내(마리온 코티아르)의 살해범으로 몰린 자신의 누명을 뒤로 하고 사랑스런 자녀들이 있는 집으로 돌아갈 수 있다. 마침내 코브 일행은 꿈 ",['https://movie-phinf.pstatic.net/20111223_295/13246175218167Mp6y_JPEG/movie_image.jpg?type=m203_290_2'],['https://movie-phinf.pstatic.net/20111223_295/13246175218167Mp6y_JPEG/movie_image.jpg'],92
103,다크 나이트 라이즈,6399304,164,15세 관람가,33.902,2012-07-16,7.7,크리스찬 베일, 마이클 케인, 게리 올드만,"배트맨이 조커와의 대결을 끝으로 세상에서 모습을 감춘 8년 후, 하비 덴트의 죽음에 대한 책임을 떠안은 배트맨은 모든 것을 희생하며 떠난다. 범죄방지 덴트법으로 인해 한동안 평화가 지속되던 고담시의 파멸을 예고하며 나타난 마스크를 쓴 잔인한 악당, 최강의 적 베인이 등장한다. 베인은 배트맨이 스스로 택한 유배 생활에 종지부를 찍게 하지만, 다시 돌아온 배트맨에게 베인은 만만한 상대가 아니다. 자신을 거부한 사람들의 고통을 지켜볼 것인가, 정의의 수호자로",['https://movie-phinf.pstatic.net/20120525_174/1337921171775pbbKG_JPEG/movie_image.jpg?type=m203_290_2'],['https://movie-phinf.pstatic.net/20120525_174/1337921171775pbbKG_JPEG/movie_image.jpg'],92
104,인터스텔라,10309432,169,12세 관람가,43.754,2014-11-05,8.2,매튜 맥커너히, 앤 해서웨이, 마이클 케인,"세계 각국의 정부와 경제가 완전히 붕괴된 미래가 다가온다. 지난 20세기에 범한 잘못이 전 세계적인 식량 부족을 불러왔고, NASA도 해체되었다. 나사 소속 우주비행사였던 쿠퍼(매튜 매커너헤이)는 지구에 몰아친 식량난으로 옥수수나 키우며 살고 있다. 거센 황사가 몰아친 어느 날 알 수 없는 힘에 이끌려 딸과 함께 도착한 곳은 인류가 이주할 행성을 찾는 나사의 비밀본부. 이 때 시공간에 불가사의한 틈이 열리고, 이 곳을 탐험해 인류를 구해야 하는 임무를 ",['https://movie-phinf.pstatic.net/20160106_138/1452044846608eaFcJ_JPEG/movie_image.jpg?type=m203_290_2'],['https://movie-phinf.pstatic.net/20160106_138/1452044846608eaFcJ_JPEG/movie_image.jpg'],92
105,해피 데스데이 2 유,412850,100,15세 관람가,54.416,2019-02-13,6.1,제시카 로테, 이스라엘 브로우사드, 피 부,절대 끝나지 않는 생일에 또다시 갇혀버린 트리와 더 강력하게 돌아온 베이비의 끝내주는 호러테이닝 무비,['https://movie-phinf.pstatic.net/20190121_116/1548033223659mzXL5_JPEG/movie_image.jpg?type=m203_290_2'],['https://movie-phinf.pstatic.net/20190121_116/1548033223659mzXL5_JPEG/movie_image.jpg'],93
106,미션 임파서블: 폴아웃,6584919,147,15세 관람가,32.532,2018-07-13,7.3,톰 크루즈, 헨리 카빌, 사이먼 페그,"에단 헌트(톰 크루즈)는 세계를 위협하는 테러 조직 신디케이트의 수장 솔로몬 레인(숀 해리스)을 우여곡절 끝에 체포했지만, 그의 잔당들은 여전히 세계 각지에서 테러를 일삼는다. 에단 헌트와 그의 팀은 테러조직의 핵무기 소지를 막기 위해 미션에 착수한다. 에단 헌트는 작전 수행 중 예상치 못한 결단을 내리게 되고, 중앙정보국 CIA는 그를 견제하기 위해 상급 요원 어거스트 워커(헨리 카빌)를 파견한다. 최악의 테러 위기와 라이벌의 출현 속, 팀이 행한 모",['https://movie-phinf.pstatic.net/20180523_234/1527043720337JCQAP_JPEG/movie_image.jpg?type=m203_290_2'],['https://movie-phinf.pstatic.net/20180523_234/1527043720337JCQAP_JPEG/movie_image.jpg'],94
107,비행기,233557,92,전체 관람가,37.62,2013-08-09,5.8,발 킬머, 테리 해처, 세드릭 더 엔터테이너,"시골의 농약살포기 ‘더스티’는 세계 최고의 레이싱 챔피언을 꿈꾸는 비행기. 높은 곳을 무서워하는 고소공포증에도 불구하고 꿈을 위해 용기를 낸 ‘더스티’는 친구들의 도움을 받아 세계 레이싱 대회에 도전한다. 전 세계 최고의 레이서 비행기들이 출전하는 세계일주 비행대회에서 과연, 시골에서 온 고소공포증 비행기 ‘더스티’는 레이싱 챔피언의 꿈을 이룰 수 있을까?",['https://movie-phinf.pstatic.net/20131118_65/1384742319395rrhCy_JPEG/movie_image.jpg?type=m203_290_2'],['https://movie-phinf.pstatic.net/20131118_65/1384742319395rrhCy_JPEG/movie_image.jpg'],95
108,라스트 미션,101465,116,15세 관람가,53.84,2018-12-14,6.5,클린트 이스트우드, 타이사 파미가, 브래들리 쿠퍼,"원예가로 스타 대접을 받는 얼(클린트 이스트우드)은 딸의 결혼식 대신 새로운 백합 품종을 소개하는 파티에 참석할 정도로 일을 우선시한 이기적인 남자다. 12년 후, 영광은 시대에 밀려 사라지고 농장은 경영난으로 문을 닫지만 얼 곁엔 아무도 남아 있지 않다. 가족 곁으로 돌아가고 싶지만 용기가 없던 찰나 멕시코 갱단의 마약 운반책 제안을 받은 얼은 그렇게 번 돈을 가족을 위해 쓰며 지난날의 과오를 바로잡으려 한다. 한편 마약 조직에 새로 나타난 정체불명의",['https://movie-phinf.pstatic.net/20190211_224/1549866975787EcmzO_JPEG/movie_image.jpg?type=m203_290_2'],['https://movie-phinf.pstatic.net/20190211_224/1549866975787EcmzO_JPEG/movie_image.jpg'],96
109,토르: 라그나로크,4858572,130,12세 관람가,76.512,2017-10-25,7.5,크리스 헴스워스, 마크 러팔로, 톰 히들스턴,"은하계를 탐험하던 토르는 오딘의 오랜 숙적 수르트와의 대결에서 승리하는데, 수르트는 라그나로크가 이미 시작됐고, 막을 수 없을 것이라는 의미심장한 말을 남긴다. 한편 오딘의 힘이 약해지며 그가 봉인했던 죽음의 여신 헬라가 나타난다. 오딘의 첫째딸인 그녀는 두 동생, 토르와 로키를 가볍게 제압하고 아스가르드를 정복한다. 헬라와의 전쟁에서 묠니르를 잃고 사카아르라는 미지의 행성에 불시착한 토르는 아스가르드 행성으로 돌아가기 위해 고군분투한다. 행성의 통치자",['https://movie-phinf.pstatic.net/20170928_85/1506564710105ua5fS_PNG/movie_image.jpg?type=m203_290_2'],['https://movie-phinf.pstatic.net/20170928_85/1506564710105ua5fS_PNG/movie_image.jpg'],97
110,이모티: 더 무비,40375,91,전체 관람가,40.023,2017-07-23,5.4,T.J. 밀러, 제임스 코든, 안나 페리스,"‘텍스토폴리스’의 제1원칙은 1인 1표정!  각자 맡은 표정을 완벽히 해내야 하지만 다양한 감정의 소유자 ‘진’은 출동한 첫날 당황한 나머지 실수를 저지른다.  ‘진’의 실수는 스마트폰 초기화라는 ‘텍스토폴리스’의 파멸을 불러오고 ‘텍스토폴리스’의 시장인 ‘스마일’은 도시를 위기에 빠뜨린 ‘진’을 파괴하기 위해 백신봇을 출동시키는데…  ‘진’은 친구 ‘하이파이브’, 해커 ‘핵키 브레이크’와 함께 ‘텍스토폴리스’와 자신의 운명을 구하기 위해 ‘소스 코드’",['https://movie-phinf.pstatic.net/20170720_198/15005321568837yt4z_JPEG/movie_image.jpg?type=m203_290_2'],['https://movie-phinf.pstatic.net/20170720_198/15005321568837yt4z_JPEG/movie_image.jpg'],98
111,범블비,1561643,114,12세 관람가,72.231,2018-12-15,6.4,헤일리 스테인펠드, 존 시나,,"지속된 디셉티콘과의 전쟁에서 위기에 몰린 옵티머스 프라임은 중요한 임무를 가진 오토봇을 지구로 보낸다.  지구에 도착한 오토봇은 인간들에게 쫓기게 되고, 낡은 비틀로 변신해 폐차장에 은둔하던 중,  찰리라는 소녀에 의해 발견된다.  비틀을 수리하던 찰리는 자신의 낡은 자동차가 거대한 로봇으로 변신하는 놀라운 광경을 목격하고,  모든 기억이 사라진 그에게 ‘범블비’라는 이름을 지어주며 서로에게 특별한 존재가 되어간다.  하지만, 범블비의 정체를 파헤치려는",['https://movie-phinf.pstatic.net/20181214_92/1544769316534ctOAO_JPEG/movie_image.jpg?type=m203_290_2'],['https://movie-phinf.pstatic.net/20181214_92/1544769316534ctOAO_JPEG/movie_image.jpg'],99
112,덤보,345522,111,전체 관람가,85.508,2019-03-27,6.6,콜린 파렐, 마이클 키튼, 대니 드비토,"몸보다 훨씬 큰 귀를 가지고 태어나, 뒤뚱거리는 모습으로 서커스단의 웃음거리가 된 ‘덤보’. 어느 날 왕년의 서커스 스타 ‘홀트(콜린 파렐)’와 그의 아이들, 밀리와 조가 ’덤보’가 하늘을 날 수 있다는 것을 알게 되고, 유능한 사업가 ‘반데비어(마이클 키튼)’가 ‘덤보’를 스타로 만들기 위해 접근한다. 매력적인 공중 곡예사 ‘콜레트(에바 그린)’와 함께 하늘을 날게 된 ‘덤보’는 그의 친구들과 함께 환상적인 쇼를 둘러싼 어둠의 비밀을 발견하게 되는데…",['https://movie-phinf.pstatic.net/20190328_112/1553762886182QHDpG_JPEG/movie_image.jpg?type=m203_290_2'],['https://movie-phinf.pstatic.net/20190328_112/1553762886182QHDpG_JPEG/movie_image.jpg'],100
113,원더 우먼,2165407,141,12세 관람가,40.684,2017-05-30,7.3,갤 가돗, 크리스 파인,,"수천년 간 존재를 숨긴 채 지구를 수호하던 데미스키라의 공주 다이애나(갤 가돗)는 어느 날 하늘에서 이상한 움직임을 포착한다. 1차 세계대전에 참전해 스파이 활동을 벌이다가 격추된 미국인 조종사 스티브(크리스 파인)가 해변에 불시착한 것. 태어나 처음으로 남성을 보게 된 다이애나는 호기심을 감추지 못하고, 데미스키라의 일원들은 그가 파멸을 가져올 수도 있음을 경고한다. 다이애나는 엄마이자 여왕인 히폴리타(코니 닐슨)의 반대에도 불구하고 나치군의 추격을 ",['https://movie-phinf.pstatic.net/20170518_127/1495067025096yKWjY_JPEG/movie_image.jpg?type=m203_290_2'],['https://movie-phinf.pstatic.net/20170518_127/1495067025096yKWjY_JPEG/movie_image.jpg'],101
114,앤트맨과 와스프,5448134,118,12세 관람가,68.539,2018-07-04,7,폴 러드, 에반젤린 릴리, 마이클 더글라스,"캡틴 아메리카의 요청으로 독일까지 가서 아이언맨 일행과 싸우고 돌아온 스콧(폴 러드)은 어느 날 이상한 꿈을 꾼다. 그가 행크 핌 박사(마이클 더글러스)와 호프(에반젤린 릴리)에게 꿈 이야기를 들려주자, 호프는 미지의 양자 영역에 갇혀버린 엄마 재닛(미셸 파이퍼)의 메시지라는 것을 확신하게 된다. 행크 핌 박사는 자신의 비밀 연구소에서 그동안 개발해왔던 양자 터널과 탐색기를 이용해 1대 와스프 재닛의 구출작전을 펼치려 하지만, 시공간의 개념이 사라진 양",['https://movie-phinf.pstatic.net/20180530_170/1527645793223uhWgz_JPEG/movie_image.jpg?type=m203_290_2'],['https://movie-phinf.pstatic.net/20180530_170/1527645793223uhWgz_JPEG/movie_image.jpg'],102
115,앤트맨과 와스프,5448134,118,12세 관람가,48.344,2015-07-14,7.1,폴 러드, 에반젤린 릴리, 마이클 더글라스,"하나뿐인 딸에게 멋진 아빠이고 싶지만 현실은 생계형 도둑인 스콧 랭. 하지만 전과자인 스콧의 새 출발은 번번이 좌절된다. 어느 날 그에게 몸을 자유자재로 늘리거나 줄일 수 있는 핌 입자를 개발한 과학자 행크 핌이 찾아와 수트와 헬멧을 건네며 앤트맨이 되어 줄 것을 요청한다. 행크는 앤트맨의 기술이 악용되는 것을 막기 위해 스콧에게 접근했고, 스콧을 앤트맨으로 훈련시켜 그 비밀기술을 훔쳐내려는 계획을 짠다. 어리둥절하지만 일단 한번 해보기로 결심한 스콧은",['https://movie-phinf.pstatic.net/20180530_170/1527645793223uhWgz_JPEG/movie_image.jpg?type=m203_290_2'],['https://movie-phinf.pstatic.net/20180530_170/1527645793223uhWgz_JPEG/movie_image.jpg'],102
116,삼총사 3D,660205,111,12세 관람가,30.653,1993-11-11,6.3,올랜도 블룸, 밀라 요보비치, 로건 레먼,"성질 급한 젊은 청년 달타냥(D'Artagnan: 크리스 오도넬 분)은 왕을 지키는 특수부대인 총사대에 들어가려고 파리로 갔다. 그러나 권력을 노리는 악당들의 음모때문에 총사대는 공식적으로 해산되었고, 그가 만난 것은 충성심 가득한 삼총사 아라미스(Aramis: 찰리 쉰 분), 아토스(Athos: 키퍼 서덜랜드 분), 포르도스(Porthos: 올리버 플랫 분)였다. 나이 어린 루이 왕(King Louis: 휴 오코너 분)과 안느 왕비(Queen Anne",['https://movie-phinf.pstatic.net/20111223_64/1324645564430mKzse_JPEG/movie_image.jpg?type=m203_290_2'],['https://movie-phinf.pstatic.net/20111223_64/1324645564430mKzse_JPEG/movie_image.jpg'],103
117,헝거게임:모킹제이,854407,123,15세 관람가,35.386,2014-11-18,6.8,제니퍼 로렌스, 조쉬 허처슨, 리암 헴스워스,"캐피톨 VS 13구역 혁명군  게임은 끝났다! 물러설 수 없는 정면승부가 시작된다!  헝거게임이 끝나고 캣니스의 고향인 12구역이 캐피톨의 폭격으로 파괴되자 그녀는 절망감으로 괴로워한다. 12구역의 생존자들이 13구역에 있다는 것을 알게 된 캣니스는 반정부 세력의 중심이 된다. 어떤 공격도, 어떤 감시도 피할 수 있는 전설의 13구역을 다스리는 대통령 코인은 캣니스에게 혁명의 불꽃이자 반군의 상징인 모킹제이가 되어달라고 부탁하고, 모두의 희망이 된 캣니",['https://movie-phinf.pstatic.net/20141111_257/1415673337106GWPD5_JPEG/movie_image.jpg?type=m203_290_2'],['https://movie-phinf.pstatic.net/20141111_257/1415673337106GWPD5_JPEG/movie_image.jpg'],104
118,장난스런 키스,427152,122,12세 관람가,127.21,2019-02-14,5.8,왕대륙, 임윤,,"A반 남신 ‘장즈수’와 처음 본 순간 KISS한 F반 ‘위안샹친’! 수학처럼 안 풀려도 절대 포기할 수 없는 확률 0% 멀고도 용감한 짝사랑 일대기.  장난 아니게 설레는 로코의 새로운 흥행 공식. 2019년 봄, 너 x 나 = 공식 ♡ 로코",['https://movie-phinf.pstatic.net/20190305_257/1551749723722A0Gw5_JPEG/movie_image.jpg?type=m203_290_2'],['https://movie-phinf.pstatic.net/20190305_257/1551749723722A0Gw5_JPEG/movie_image.jpg'],105
119,창문넘어 도망친 100세 노인,241602,114,15세 관람가,32.62,2013-12-25,6.8,로버트 구스타프슨, 이와 위클란더,,"알란’s 10대 폭탄 제조의 달인으로 남다른 능력을 보유.  알란’s 20대 폭탄 실험 중 실수로 이웃 식료품 가게 주인 사망.  위험인물로 분류, 정신병원에 수감되어 생체실험 감행, 남성적 기능(?) 상실.  알란’s 30대 스페인 내전 참전. 폭탄 실험 중 우연히 지나가던 파시스트 프랑코의 목숨을 구하며 그의 최측근으로 영웅 등극.  알란’s 40대  미국 원자폭탄 프로젝트인 맨해튼 프로젝트의 치명적 결함 우연히 해결.  제2차 세계대전을 종결시키며",['https://movie-phinf.pstatic.net/20140613_145/1402640433728U8Swh_JPEG/movie_image.jpg?type=m203_290_2'],['https://movie-phinf.pstatic.net/20140613_145/1402640433728U8Swh_JPEG/movie_image.jpg'],106
120,더 건맨: 테이큰 감독 뉴프로젝트,107478,113,15세 관람가,36.345,2015-02-16,5.7,숀 펜, 하비에르 바르뎀, 이드리스 엘바,누구도 믿지 마라!  거대 광물산업의 용병으로 고용된 전직 특수부대원 ‘짐 테리어’(숀 펜)는 비밀 작전의 설계자 ‘펠릭스’(하비에르 바르뎀)로부터 콩고민주공화국 광업부 장관을 암살하라는 지령을 받는다. 미션 성공 후 8년 간 자취를 감춘 채 NGO활동으로 과거를 속죄하며 살던 짐은 어느 날 괴한의 습격을 당한다. 직감적으로 이것이 과거 비밀 작전과 연관이 있음을 알아챈 그는 펠릭스를 찾아간다. 그리고 그가 사랑했던 연인 ‘애니’(자스민 트린카)가 펠릭,['https://movie-phinf.pstatic.net/20170308_238/1488935006867h0heH_JPEG/movie_image.jpg?type=m203_290_2'],['https://movie-phinf.pstatic.net/20170308_238/1488935006867h0heH_JPEG/movie_image.jpg'],107
121,마일 22,69837,95,15세 관람가,56.586,2018-08-16,6,마크 월버그, 로렌 코핸, 이코 우웨이스,"군사, 외교의 사각지대에서 임무를 수행하는 실패율 제로의 비밀조직 ‘오버워치’. 그들에게 전 세계 6개 주요 도시의 테러를 막을 수 있는 유일한 정보를 지닌 ‘타겟’이 접근한다. 22마일 떨어진 안전한 장소로 ‘타겟’을 이동시키는 새로운 작전이 시작되고, 타겟을 노리는 적들의 거센 공격이 가해지자 오버워치 팀원들은 작전 성공을 위해 자신들의 목숨을 바꿔가며 1마일씩 이송작전을 수행한다. 적을 뚫고 목적지에 가까워질수록 궁지에 몰리게 된 오버워치 앞에 타",['https://movie-phinf.pstatic.net/20180817_11/1534489372871R699y_JPEG/movie_image.jpg?type=m203_290_2'],['https://movie-phinf.pstatic.net/20180817_11/1534489372871R699y_JPEG/movie_image.jpg'],108
122,반지의 제왕: 왕의 귀환,730945,263,12세 관람가,49.131,2003-12-01,8.4,일라이저 우드, 숀 애스틴, 앤디 서키스,"사우론이 인간들의 마지막 요새인 곤도르를 향해 야욕을 드러내고 있는 한편, 아라곤은 쇠락해가고 있는 곤도르의 재건을 위해 왕위 계승을 신중하게 결정지어야만 하는 상황. 이제 중간대륙의 미래는 그의 어깨에 달려있는 것. 사우론이 이끄는 어둠의 군대와의 마지막 전투를 위해 간달프는 곤도르에 흩어져 있던 병사들을 모으고, 로한의 왕 세오덴에게 도움을 받기도 하지만 사우론의 군대에 비하면 열세를 면치 못한다. 그러나 그들은 중간대륙을 사우론의 야욕으로부터 지키",['https://movie-phinf.pstatic.net/20170112_240/1484183668820LGsTJ_JPEG/movie_image.jpg?type=m203_290_2'],['https://movie-phinf.pstatic.net/20170112_240/1484183668820LGsTJ_JPEG/movie_image.jpg'],109
123,호빗: 다섯 군대 전투,2836777,144,12세 관람가,62.839,2014-12-10,7.3,마틴 프리먼, 이안 맥켈런, 리처드 아미티지,"빌보 배긴스와 참나무 방패 소린, 난쟁이 족이 떠난 거대한 여정의 끝에 난쟁이 족은 원래 자신들의 터전이던 에레보르에 있는 엄청난 보물을 되찾지만 이는 무시무시한 용 스마우그가 호수마을의 무기력한 주민들을 공격하게 되는 결과를 낳는다. 소린은 탐욕에 서서히 눈이 멀어 우정과 명예를 저버린 채 왕의 보물 아르켄스톤을 찾는다. 암흑의 군주 사우론은 오크 군대를 보내 외로운 산에 기습 공격을 감행한다. 마침내 다섯 군대의 전투가 시작되고 빌보는 본인과 친구들",['https://movie-phinf.pstatic.net/20141028_294/1414473502384tUvSe_JPEG/movie_image.jpg?type=m203_290_2'],['https://movie-phinf.pstatic.net/20141028_294/1414473502384tUvSe_JPEG/movie_image.jpg'],109
124,그린 북,432396,130,12세 관람가,35.191,2018-11-16,8.3,비고 모텐슨, 마허샬라 알리,,"1962년 미국, 입담과 주먹만 믿고 살아가던 토니 발레롱가(비고 모텐슨)는 교양과 우아함 그 자체인 천재 피아니스트 돈 셜리(마허샬라 알리)의 운전기사 면접을 보게 된다. 백악관에도 초청되는 등 미국 전역에서 콘서트 요청을 받으며 명성을 떨치고 있는 돈 셜리는 위험하기로 소문난 미국 남부 투어 공연을 떠나기로 결심하고, 투어 기간 동안 자신의 보디가드 겸 운전기사로 토니를 고용한다. 거친 인생을 살아온 토니와 교양과 기품을 지키며 살아온 돈. 생각, ",['https://movie-phinf.pstatic.net/20190115_228/1547528180168jgEP7_JPEG/movie_image.jpg?type=m203_290_2'],['https://movie-phinf.pstatic.net/20190115_228/1547528180168jgEP7_JPEG/movie_image.jpg'],110
125,주먹왕 랄프 2: 인터넷 속으로,1758891,112,전체 관람가,55.264,2018-11-20,7.2,존 C. 라일리, 사라 실버맨, 제인 린치,각종 사고를 치며 게임 속 세상을 뒤집어 놨던 절친 주먹왕 ‘랄프’와 ‘바넬로피’는  버려질 위기에 처한 오락기 부품을 구하기 위해 와이파이를 타고 인터넷 세상에 접속한다. 얼떨결에 올린 동영상으로 순식간에 핵인싸에 등극한 ‘랄프’와 툴도 트랙도 없는 스릴만점 슬로터 레이스 게임에 참여하게 된 ‘바넬로피’ 지금껏 경험한 적 없는 엄청난 스케일과 새로운 재미에 흠뻑 빠진  ‘랄프’와 ‘바넬로피’는 랜섬웨어급 사고로 인터넷 세상을 혼란에 빠뜨리는데…  과연,['https://movie-phinf.pstatic.net/20181204_287/1543888062606NHMh7_JPEG/movie_image.jpg?type=m203_290_2'],['https://movie-phinf.pstatic.net/20181204_287/1543888062606NHMh7_JPEG/movie_image.jpg'],111
126,콜드 체이싱,101694,118,15세 관람가,157.12,2019-02-07,5.3,리암 니슨, 톰 베이트먼,,"평범한 제설차 운전수이자 올해의 모범시민 ‘넬스 콕스맨’. 법 없이도 살 수 있던 그는 마약 조직의 사이코패스 보스 ‘바이킹’이 꾸며낸 아들의 처참한 죽음 앞에서 분노의 심판자로 다시 태어난다. ‘스피도’, ‘림보’, ‘산타’ 등 마피아들을 연달아 처단하며 그들의 소굴에 한 걸음 가까워질수록 ‘넬스’의 분노는 죽음도 대신할 수 없는 깊은 복수심으로 소용돌이 치는데…",['https://movie-phinf.pstatic.net/20190225_25/1551056804750UglaU_JPEG/movie_image.jpg?type=m203_290_2'],['https://movie-phinf.pstatic.net/20190225_25/1551056804750UglaU_JPEG/movie_image.jpg'],112
127,쥬라기 월드: 폴른 킹덤,5661231,127,12세 관람가,44.537,2018-06-06,6.5,크리스 프랫, 브라이스 달라스 하워드,,"지상 최대의 테마파크 쥬라기 월드가 폐쇄된 지 3년 후.  이슬라 누블라의 활화산 시보산이 분화하려는 조짐을 보이자 조짐에 뉴스에서는 이와 더불어 공룡들의 보호에 관련된 시위나 소식들을 보도한다. 오웬(크리스 프렛)과 클레어(브라이스 달라스 하워드)는 벤자민 록우드(제임스 크롬웰)의 부탁으로 공룡들의 멸종을 막기 위해 이슬라 누블라 섬으로 떠난다. 한편 진화된 공룡들을 이용하려는 세력의 거대한 음모가 드러나고, 절대 지상에 존재해선 안될 위협적 공룡들이",['https://movie-phinf.pstatic.net/20180814_31/1534222196427nyBw8_JPEG/movie_image.jpg?type=m203_290_2'],['https://movie-phinf.pstatic.net/20180814_31/1534222196427nyBw8_JPEG/movie_image.jpg'],113
128,장난감이 살아있다,143100,91,전체 관람가,32.092,2013-07-18,6.1,남도형, 김채하, 김태균,"뭔가 특별한 일이 일어날 것 같은 어느 날, 눈물 한방울이 장난감에 떨어진 후 모든 것이 달라졌다. 타운에서 하나밖에 없는 테이블 축구 게임의 장난감들이 모두 깨어난 것. 캡틴 루닌, 골잡이 라면머리 날도, 쌍둥이 수비수 트윈, 음유시인 아트, 들어본 적 있는 느낌적 느낌 갓지성, 민머리 용병 레드까지.. 그런데 여긴 어디? 테이블 축구 게임기가 아닌 공원 벤치, 롤러코스터 꼭대기, 쓰레기 집합소 등 다양하고 엉뚱한 곳에서 깨어난 장난감들! 이들 앞에는",['https://movie-phinf.pstatic.net/20160819_271/1471580592982c6r7l_JPEG/movie_image.jpg?type=m203_290_2'],['https://movie-phinf.pstatic.net/20160819_271/1471580592982c6r7l_JPEG/movie_image.jpg'],114
